Species	AverageGrantham	KnKs	DnDs	GenerationLength_d	family.x	FractionOfNonsyn	FractionOfSyn	Gene	MedianOfAllNonsyn	MedianOfAllSyn	Order	SummOfAllGrantham	specieOrder	family.y	category	CategoryPoisson	CategoryBinomial
Abrothrix longipilis	48.6642156862745	0.171428571428571	0.0693818874865854	589.388299099621	Cricetidae	0.146341463414634	0.853658536585366	CytB	15	95	Rodentia	750	RODENTIA	CRICETIDAE	LC	0	0
Abrothrix olivaceus	23	0.0909090909090909	0.192105340726185	589.388299099621	Cricetidae	0.0833333333333333	0.916666666666667	CytB	1	10	Rodentia	22	RODENTIA	CRICETIDAE	LC	0	0
Acomys cahirinus	60.8125	0.160645161290323	0.0332329938484076	650.0125	Muridae	0.155	0.845	CytB	11	75	Rodentia	377	RODENTIA	MURIDAE	LC	0	0
Acomys dimidiatus	30.5	0.0833333333333333	0.0286098815754307	650.0125	Muridae	0.0769230769230769	0.923076923076923	CytB	1	16	Rodentia	21	RODENTIA	MURIDAE	LC	0	0
Ailuropoda melanoleuca	21	0.333333333333333	0.0502840279462792	5246.699416657	Ursidae	0.25	0.75	CytB	2	4	Carnivora	42	CARNIVORA	URSIDAE	VU	1	0
Akodon montensis	35.3333333333333	0.214285714285714	0.0549190402488672	589.388299099621	Cricetidae	0.176470588235294	0.823529411764706	CytB	3	15	Rodentia	79	RODENTIA	CRICETIDAE	LC	0	0
Akodon spegazzinii	21.6666666666667	0.142857142857143	0.0402275701325086	589.388299099621	Cricetidae	0.125	0.875	CytB	3	14	Rodentia	64	RODENTIA	CRICETIDAE	LC	0	0
Alouatta belzebul	81	0.0909090909090909	0.108094755624967	4380	Atelidae	0.0833333333333333	0.916666666666667	CytB	1	8	Primates	22	PRIMATES	ATELIDAE	VU	1	0
Alouatta caraya	41.6666666666667	0.25	0.115724528727984	3750.594	Atelidae	0.225	0.775	CytB	1	4.5	Primates	33	PRIMATES	ATELIDAE	LC	0	0
Alouatta guariba	52.75	0.422222222222222	0.135003548883854	3888.34118571429	Atelidae	0.307692307692308	0.692307692307692	CytB	3	9	Primates	160	PRIMATES	ATELIDAE	LC	0	0
Anourosorex squamipes	41	0.0740740740740741	0.0450088442292267	379.29295625	Soricidae	0.0689655172413793	0.931034482758621	CytB	2	26	Eulipotyphla	102	EULIPOTYPHLA	SORICIDAE	LC	0	0
Apodemus agrarius	43.6571428571429	0.241379310344828	0.0460416155585987	504.40745	Muridae	0.194444444444444	0.805555555555556	CytB	4	19	Rodentia	160	RODENTIA	MURIDAE	LC	0	0
Apodemus argenteus	21	0.0303030303030303	0.0168729612709769	572.56	Muridae	0.0294117647058824	0.970588235294118	CytB	1	18	Rodentia	21	RODENTIA	MURIDAE	LC	0	0
Apodemus chevrieri	34	0.122448979591837	0.0834141093340263	554.1929125	Muridae	0.109090909090909	0.890909090909091	CytB	5	44	Rodentia	144	RODENTIA	MURIDAE	LC	0	0
Apodemus draco	51	0.109126984126984	0.0312699614491071	554.1929125	Muridae	0.0983870967741935	0.901612903225806	CytB	2	25	Rodentia	132	RODENTIA	MURIDAE	LC	0	0
Apodemus flavicollis	35.5	0.2	0.0775879442632845	513.1567	Muridae	0.166666666666667	0.833333333333333	CytB	2	9	Rodentia	71	RODENTIA	MURIDAE	LC	0	0
Apodemus latronum	36.8571428571429	0.115384615384615	0.162399487812307	554.1929125	Muridae	0.103448275862069	0.896551724137931	CytB	2	22	Rodentia	109	RODENTIA	MURIDAE	LC	0	0
Apodemus peninsulae	81	0.2	0.0341858537594694	554.1929125	Muridae	0.166666666666667	0.833333333333333	CytB	2	7	Rodentia	155	RODENTIA	MURIDAE	LC	0	0
Apodemus speciosus	21	0.142857142857143	0.0300628416208605	554.1929125	Muridae	0.125	0.875	CytB	1	11	Rodentia	42	RODENTIA	MURIDAE	LC	0	0
Apodemus sylvaticus	21	0.0769230769230769	0.0198174204918323	626.6475	Muridae	0.0714285714285714	0.928571428571429	CytB	1	6	Rodentia	21	RODENTIA	MURIDAE	LC	0	0
Arctocephalus forsteri	45	0.166666666666667	0.0867185922300026	3285	Otariidae	0.142857142857143	0.857142857142857	CytB	2	6	Carnivora	145	CARNIVORA	OTARIIDAE	LC	0	0
Artibeus fimbriatus	21	0.0344827586206897	0.0151645206441244	1920.4777	Phyllostomidae	0.0333333333333333	0.966666666666667	CytB	1	17	Chiroptera	15	CHIROPTERA	PHYLLOSTOMIDAE	LC	0	0
Artibeus jamaicensis	33.5	0.04	0.0155020385011507	1920.4777	Phyllostomidae	0.0384615384615385	0.961538461538462	CytB	1	32	Chiroptera	65	CHIROPTERA	PHYLLOSTOMIDAE	LC	0	0
Artibeus lituratus	46	0	0.0210685110757336	1920.4777	Phyllostomidae	0	1	CytB	0	18	Chiroptera	0	CHIROPTERA	PHYLLOSTOMIDAE	LC	0	0
Artibeus obscurus	39.5	0.0512820512820513	0.0118722900024936	1920.4777	Phyllostomidae	0.0487804878048781	0.951219512195122	CytB	1	26	Chiroptera	67	CHIROPTERA	PHYLLOSTOMIDAE	LC	0	0
Artibeus planirostris	51	0.0555555555555556	0.0338534584819913	1920.4777	Phyllostomidae	0.0526315789473684	0.947368421052632	CytB	1	20	Chiroptera	81	CHIROPTERA	PHYLLOSTOMIDAE	LC	0	0
Avahi laniger	67.5	0.343137254901961	0.0817129875626442	3649.771875	Indriidae	0.260869565217391	0.739130434782609	CytB	7	28	Primates	475	PRIMATES	INDRIIDAE	VU	1	0
Balaena mysticetus	36.5	0.333333333333333	0.0674398642678333	18980	Balaenidae	0.25	0.75	CytB	2	3	Cetartiodactyla	42	CETARTIODACTYLA	BALAENIDAE	LC	0	0
Balaenoptera physalus	70.5	0.138095238095238	0.0665250691784387	9490	Balaenopteridae	0.121323529411765	0.878676470588235	CytB	1	4	Cetartiodactyla	58	CETARTIODACTYLA	BALAENOPTERIDAE	VU	1	0
Bandicota indica	34	0.00735294117647059	0.0190196707759015	639.631831820818	Muridae	0.0072992700729927	0.992700729927007	CytB	1	28	Rodentia	22	RODENTIA	MURIDAE	LC	0	0
Bison bison	51	1	0.191901716903949	4288.14166657	Bovidae	0.5	0.5	CytB	1	1	Cetartiodactyla	65.5	CETARTIODACTYLA	BOVIDAE	LC	0	0
Bison bonasus	73.3333333333333	0.0967741935483871	0.0958919620050603	3595.3298	Bovidae	0.0882352941176471	0.911764705882353	CytB	2	17	Cetartiodactyla	162	CETARTIODACTYLA	BOVIDAE	VU	1	0
Blarina brevicauda	39.5	0.142857142857143	0.0139240804342055	307.41875	Soricidae	0.125	0.875	CytB	2	16	Eulipotyphla	84	EULIPOTYPHLA	SORICIDAE	LC	0	0
Blarinella griselda	21.75	0.0172413793103448	0.00824824027707039	426.91011944525	Soricidae	0.0169491525423729	0.983050847457627	CytB	1	54	Eulipotyphla	21	EULIPOTYPHLA	SORICIDAE	LC	0	0
Brachyphylla cavernarum	42.5	1	0.0365746592473589	2064.27635	Phyllostomidae	0.5	0.5	CytB	1	1	Chiroptera	64	CHIROPTERA	PHYLLOSTOMIDAE	LC	0	0
Cacajao calvus	68	0.179487179487179	0.141790017741935	3650	Pitheciidae	0.161290322580645	0.838709677419355	CytB	1	24	Primates	74	PRIMATES	PITHECIIDAE	VU	1	0
Callosciurus erythraeus	46.7424242424242	0.126984126984127	0.0381040554521348	1585.1964	Sciuridae	0.112676056338028	0.887323943661972	CytB	9	82	Rodentia	400	RODENTIA	SCIURIDAE	LC	0	0
Calomys callosus	41.3666666666666	0.240384615384615	0.0377952124684139	589.388299099621	Cricetidae	0.19375	0.80625	CytB	2	4	Rodentia	112	RODENTIA	CRICETIDAE	LC	0	0
Calomys expulsus	21	0.125	0.0350336308017695	589.388299099621	Cricetidae	0.111111111111111	0.888888888888889	CytB	1	14	Rodentia	22	RODENTIA	CRICETIDAE	LC	0	0
Canis aureus	33.3333333333333	0.133333333333333	0.0584376748238275	2136.101433343	Canidae	0.117647058823529	0.882352941176471	CytB	2	16	Carnivora	64	CARNIVORA	CANIDAE	LC	0	0
Capra aegagrus	58	0.0983870967741935	0.06967151122803	2097.005	Bovidae	0.0909090909090909	0.909090909090909	CytB	2	30	Cetartiodactyla	137	CETARTIODACTYLA	BOVIDAE	VU	1	0
Capra sibirica	50	0.00649350649350649	0.111963735242333	2875.226666657	Bovidae	0.00641025641025641	0.993589743589744	CytB	0.5	49.5	Cetartiodactyla	29	CETARTIODACTYLA	BOVIDAE	LC	0	0
Capreolus capreolus	33.6666666666667	0.0714285714285714	0.0249070808242437	2335.391666657	Cervidae	0.0666666666666667	0.933333333333333	CytB	1	12	Cetartiodactyla	79	CETARTIODACTYLA	CERVIDAE	LC	0	0
Capreolus pygargus	81	0.105555555555556	0.0182339629820195	3063.8029	Cervidae	0.1	0.9	CytB	1	9	Cetartiodactyla	81	CETARTIODACTYLA	CERVIDAE	LC	0	0
Carollia brevicauda	55.8333333333333	0.181818181818182	0.030091094696615	NA	NA	0.153846153846154	0.846153846153846	CytB	3	18	NA	153	CHIROPTERA	PHYLLOSTOMIDAE	LC	0	0
Carollia castanea	44.2916666666667	0.0833333333333333	0.0299906452785737	1847.5352	Phyllostomidae	0.0769230769230769	0.923076923076923	CytB	4	69	Chiroptera	168	CHIROPTERA	PHYLLOSTOMIDAE	LC	0	0
Carollia perspicillata	33.3333333333333	0.2	0.0325897989478031	1847.5352	Phyllostomidae	0.166666666666667	0.833333333333333	CytB	3	18	Chiroptera	100	CHIROPTERA	PHYLLOSTOMIDAE	LC	0	0
Carollia sowelli	42.3333333333333	0.233333333333333	0.0390383860034458	1847.5352	Phyllostomidae	0.2	0.8	CytB	5	23	Chiroptera	173	CHIROPTERA	PHYLLOSTOMIDAE	LC	0	0
Catopuma temminckii	58	0.2	0.0410741600830868	NA	NA	0.166666666666667	0.833333333333333	CytB	1	5	NA	58	CARNIVORA	FELIDAE	LC	0	0
Cavia aperea	45.6666666666667	0.142857142857143	0.0673964686527951	763.4281	Caviidae	0.125	0.875	CytB	4	29	Rodentia	151	RODENTIA	CAVIIDAE	LC	0	0
Cervus elaphus	35.7083333333333	0.2	0.0197835244801055	5209.4516	Cervidae	0.166666666666667	0.833333333333333	CytB	3	16	Cetartiodactyla	111	CETARTIODACTYLA	CERVIDAE	LC	0	0
Chimarrogale himalayica	33.5555555555556	0.075	0.0208547457614756	379.29295625	Soricidae	0.0697674418604651	0.930232558139535	CytB	7	118	Eulipotyphla	260	EULIPOTYPHLA	SORICIDAE	LC	0	0
Chionomys roberti	33.5	0.166666666666667	0.031245560186695	589.388299099621	Cricetidae	0.142857142857143	0.857142857142857	CytB	2	10	Rodentia	64	RODENTIA	CRICETIDAE	LC	0	0
Chlorocebus aethiops	42.2857142857143	0.230769230769231	0.139052670259766	4533.4825	Cercopithecidae	0.194444444444444	0.805555555555556	CytB	6	20	Primates	242	PRIMATES	CERCOPITHECIDAE	LC	0	0
Chlorocebus pygerythrus	58.2803921568627	0.34375	0.133245275870077	4533.4825	Cercopithecidae	0.255813953488372	0.744186046511628	CytB	13	36	Primates	711	PRIMATES	CERCOPITHECIDAE	LC	0	0
Chlorocebus sabaeus	40.4	0.2	0.112933089831103	4533.4825	Cercopithecidae	0.166666666666667	0.833333333333333	CytB	2	11	Primates	56	PRIMATES	CERCOPITHECIDAE	LC	0	0
Chlorocebus tantalus	59.3333333333333	0.256578947368421	0.164295995591815	4533.4825	Cercopithecidae	0.204166666666667	0.795833333333333	CytB	5	20.5	Primates	236	PRIMATES	CERCOPITHECIDAE	LC	0	0
Colobus angolensis	46	0.333333333333333	0.092053756343433	3864.89375	Cercopithecidae	0.25	0.75	CytB	3	9	Primates	104	PRIMATES	CERCOPITHECIDAE	LC	0	0
Cricetus cricetus	46.9166666666667	0.0714285714285714	0.0514346612738544	467.0175	Cricetidae	0.0666666666666667	0.933333333333333	CytB	1	9	Rodentia	42	RODENTIA	CRICETIDAE	LC	0	0
Crocidura beatus	36.5	0.0526315789473684	0	427.67965	Soricidae	0.05	0.95	CytB	2	32	Eulipotyphla	42	EULIPOTYPHLA	SORICIDAE	LC	0	0
Crocidura dsinezumi	58	0.0810810810810811	0.0294705678645773	427.67965	Soricidae	0.075	0.925	CytB	2	11	Eulipotyphla	124	EULIPOTYPHLA	SORICIDAE	LC	0	0
Crocidura grayi	35.3333333333333	0.0869565217391304	0.029683079751544	427.67965	Soricidae	0.08	0.92	CytB	2	27	Eulipotyphla	100	EULIPOTYPHLA	SORICIDAE	LC	0	0
Crocidura monticola	52.8717948717949	0.206896551724138	0.0464479724145016	409.171225	Soricidae	0.171428571428571	0.828571428571429	CytB	5	32	Eulipotyphla	349	EULIPOTYPHLA	SORICIDAE	LC	0	0
Crocidura olivieri	21	0.0434782608695652	0.0185212505446045	427.67965	Soricidae	0.0416666666666667	0.958333333333333	CytB	1	23	Eulipotyphla	21	EULIPOTYPHLA	SORICIDAE	LC	0	0
Crocidura palawanensis	69.5	0.0488095238095238	0.0198272857588628	409.171225	Soricidae	0.0476190476190476	0.952380952380952	CytB	1	3	Eulipotyphla	81	EULIPOTYPHLA	SORICIDAE	LC	0	0
Crocidura paradoxura	21	0.0196078431372549	0.028553545828629	409.171225	Soricidae	0.0192307692307692	0.980769230769231	CytB	1	51	Eulipotyphla	21	EULIPOTYPHLA	SORICIDAE	LC	0	0
Crocidura shantungensis	56.125	0.157894736842105	0.0285013749204904	409.171225	Soricidae	0.136363636363636	0.863636363636364	CytB	2	13	Eulipotyphla	116	EULIPOTYPHLA	SORICIDAE	LC	0	0
Crocidura sibirica	23	0	0.0333404967899093	427.67965	Soricidae	0	1	CytB	0	8	Eulipotyphla	0	EULIPOTYPHLA	SORICIDAE	LC	0	0
Crocidura tanakae	64	0.25	0.0276214259164551	427.67965	Soricidae	0.2	0.8	CytB	2	7	Eulipotyphla	145	EULIPOTYPHLA	SORICIDAE	LC	0	0
Ctenomys pearsoni	62.9523809523809	0.363636363636364	0.0390781324623192	600.93415	Ctenomyidae	0.266666666666667	0.733333333333333	CytB	3	12	Rodentia	160	RODENTIA	CTENOMYIDAE	LC	0	0
Ctenomys rionegrensis	66.3333333333333	0.2	0.0620114214762945	600.93415	Ctenomyidae	0.166666666666667	0.833333333333333	CytB	1	4	Rodentia	125	RODENTIA	CTENOMYIDAE	EN	2	1
Ctenomys torquatus	57.3333333333333	1	0.0671174657708696	600.93415	Ctenomyidae	0.5	0.5	CytB	3	3	Rodentia	147	RODENTIA	CTENOMYIDAE	LC	0	0
Cynomys ludovicianus	58.5	0.333333333333333	0.260872888001411	1567.7682	Sciuridae	0.25	0.75	CytB	2	6	Rodentia	103	RODENTIA	SCIURIDAE	LC	0	0
Cynomys mexicanus	58	0.5	0.0344626182223803	1567.7682	Sciuridae	0.333333333333333	0.666666666666667	CytB	1	2	Rodentia	50.5	RODENTIA	SCIURIDAE	EN	2	1
Cynopterus brachyotis	23	0.215384615384615	0.0428191431994928	1287.664	Pteropodidae	0.1875	0.8125	CytB	1	6	Chiroptera	36	CHIROPTERA	PTEROPODIDAE	LC	0	0
Cynopterus sphinx	29.6666666666667	0.12	0.0263487707999301	1285.2527	Pteropodidae	0.107142857142857	0.892857142857143	CytB	3	23	Chiroptera	89	CHIROPTERA	PTEROPODIDAE	LC	0	0
Dasypus novemcinctus	40	0.2	0.036539151233928	1825	Dasypodidae	0.166666666666667	0.833333333333333	CytB	1	5	Cingulata	56	CINGULATA	DASYPODIDAE	LC	0	0
Deltamys kempi	21	0.235294117647059	0.0687291871233667	589.388299099621	Cricetidae	0.19047619047619	0.80952380952381	CytB	3	15	Rodentia	57	RODENTIA	CRICETIDAE	LC	0	0
Desmodus rotundus	50.6538461538462	0.52	0.118548580321383	2779.7975	Phyllostomidae	0.342105263157895	0.657894736842105	CytB	17	48	Chiroptera	807	CHIROPTERA	PHYLLOSTOMIDAE	LC	0	0
Eidolon dupreanum	58	0.181818181818182	0.0339316494438123	2190	Pteropodidae	0.153846153846154	0.846153846153846	CytB	1	8	Chiroptera	58	CHIROPTERA	PTEROPODIDAE	VU	1	0
Eidolon helvum	58	0	0.0329260149430154	1825	Pteropodidae	0	1	CytB	0	6	Chiroptera	0	CHIROPTERA	PTEROPODIDAE	LC	0	0
Elephas maximus	22	0.0909090909090909	0.0404724004641393	8030	Elephantidae	0.0833333333333333	0.916666666666667	CytB	1	10.5	Proboscidea	22.5	PROBOSCIDEA	ELEPHANTIDAE	EN	2	1
Eothenomys chinensis	37.5	0.0652173913043478	0.0296510877908799	589.388299099621	Cricetidae	0.0612244897959184	0.938775510204082	CytB	6	89	Rodentia	219	RODENTIA	CRICETIDAE	LC	0	0
Eothenomys custos	32.7142857142857	0.0551181102362205	0.0304699432861416	589.388299099621	Cricetidae	0.0522388059701493	0.947761194029851	CytB	1	126	Rodentia	58	RODENTIA	CRICETIDAE	LC	0	0
Eothenomys melanogaster	57.5	0.0833333333333333	0.0306575192295166	589.388299099621	Cricetidae	0.0769230769230769	0.923076923076923	CytB	2.5	36	Rodentia	107.5	RODENTIA	CRICETIDAE	LC	0	0
Eothenomys miletus	41	0.0904995904995905	0.0266671739626303	589.388299099621	Cricetidae	0.0829889807162534	0.917011019283747	CytB	3	31.5	Rodentia	63	RODENTIA	CRICETIDAE	LC	0	0
Eozapus setchuanus	34.25	0.0816326530612245	0.0238620868331927	726.1971375	Dipodidae	0.0754716981132075	0.924528301886792	CytB	5	98	Rodentia	143	RODENTIA	DIPODIDAE	LC	0	0
Epomophorus gambianus	21	0	0.0456604551499198	2349.856740625	Pteropodidae	0	1	CytB	0	8	Chiroptera	0	CHIROPTERA	PTEROPODIDAE	LC	0	0
Epomops buettikoferi	58	0.25	0.0349945608489867	2349.856740625	Pteropodidae	0.2	0.8	CytB	1	4	Chiroptera	58	CHIROPTERA	PTEROPODIDAE	LC	0	0
Epomops franqueti	81	0.125	0.0493866491988606	2349.856740625	Pteropodidae	0.111111111111111	0.888888888888889	CytB	1	8	Chiroptera	128	CHIROPTERA	PTEROPODIDAE	LC	0	0
Eschrichtius robustus	48.25	0.5	0.0478836337018717	10444.3345	Eschrichtiidae	0.333333333333333	0.666666666666667	CytB	1	2	Cetartiodactyla	46	CETARTIODACTYLA	ESCHRICHTIIDAE	LC	0	0
Euchoreutes naso	51	0	0.152003732198513	726.1971375	Dipodidae	0	1	CytB	0	9	Rodentia	0	RODENTIA	DIPODIDAE	LC	0	0
Eulemur rubriventer	56.5	0.222527472527473	0.0370273914467545	2920	Lemuridae	0.1875	0.8125	CytB	2	12	Primates	110	PRIMATES	LEMURIDAE	VU	1	0
Eulemur rufus	40.25	0.21395881006865	0.0323584992675537	3206.29594444444	Lemuridae	0.178571428571429	0.821428571428571	CytB	3	11	Primates	114	PRIMATES	LEMURIDAE	VU	1	0
Eumetopias jubatus	61	1	0.0721533467023344	3650	Otariidae	0.5	0.5	CytB	2	1	Carnivora	129	CARNIVORA	OTARIIDAE	LC	0	0
Galemys pyrenaicus	39.4166666666667	0.222222222222222	0.0320764625772838	730	Talpidae	0.181818181818182	0.818181818181818	CytB	2	7	Eulipotyphla	45	EULIPOTYPHLA	TALPIDAE	VU	1	0
Gazella dorcas	59.6666666666667	0.166666666666667	0.0447257525108324	2190	Bovidae	0.142857142857143	0.857142857142857	CytB	2	10	Cetartiodactyla	85	CETARTIODACTYLA	BOVIDAE	VU	1	0
Gazella subgutturosa	68.3333333333333	0.5	0.108903079193961	2496.146666657	Bovidae	0.333333333333333	0.666666666666667	CytB	2	3	Cetartiodactyla	136	CETARTIODACTYLA	BOVIDAE	VU	1	0
Genetta genetta	50.5	0.048783712321523	0.0386880683283464	4194.899833343	Viverridae	0.0465144230769231	0.953485576923077	CytB	2	39	Carnivora	80.5	CARNIVORA	VIVERRIDAE	LC	0	0
Genetta maculata	38.6666666666667	0.129166666666667	0.0742157065560982	2764.52	Viverridae	0.117647058823529	0.882352941176471	CytB	1	8	Carnivora	21	CARNIVORA	VIVERRIDAE	LC	0	0
Gerbilliscus leucogaster	47.1111111111111	0.168079096045198	0.0911386952353729	682.2908	Muridae	0.144927536231884	0.855072463768116	CytB	7	42	Rodentia	337	RODENTIA	MURIDAE	LC	0	0
Gerbillus gerbillus	69.75	0	0.0296643442174105	951.2818	Muridae	0	1	CytB	0	13	Rodentia	0	RODENTIA	MURIDAE	LC	0	0
Gerbillus henleyi	39.4	0.189189189189189	0.0578281818628008	951.2818	Muridae	0.159090909090909	0.840909090909091	CytB	4	48	Rodentia	143	RODENTIA	MURIDAE	LC	0	0
Gerbillus nanus	45.5	0.0833333333333333	0.0507017289160435	951.2818	Muridae	0.0769230769230769	0.923076923076923	CytB	4	57	Rodentia	203	RODENTIA	MURIDAE	LC	0	0
Gerbillus pyramidum	58	0.1	0.280972826129499	951.2818	Muridae	0.0909090909090909	0.909090909090909	CytB	1	3	Rodentia	58	RODENTIA	MURIDAE	LC	0	0
Gerbillus tarabuli	21	0.0909090909090909	0	951.2818	Muridae	0.0833333333333333	0.916666666666667	CytB	1	11	Rodentia	21	RODENTIA	MURIDAE	LC	0	0
Giraffa camelopardalis	56.1	0.163978494623656	0.130907657745244	5251.01166657	Giraffidae	0.140873015873016	0.859126984126984	CytB	4	30	Cetartiodactyla	195	CETARTIODACTYLA	GIRAFFIDAE	VU	1	0
Glaucomys sabrinus	39.75	0.0547945205479452	0.0209267127188911	1729.4573	Sciuridae	0.0987654320987654	0.901234567901235	CytB	1	3	Rodentia	21	RODENTIA	SCIURIDAE	LC	0	0
Glirulus japonicus	40.8	0.0384615384615385	0.0293787970771956	883.5172	Gliridae	0.037037037037037	0.962962962962963	CytB	3	72	Rodentia	107	RODENTIA	GLIRIDAE	LC	0	0
Gracilinanus agilis	56.9	0.181818181818182	0.0256406599839726	642.840025	Didelphidae	0.153846153846154	0.846153846153846	CytB	6	35	Didelphimorphia	376	DIDELPHIMORPHIA	DIDELPHIDAE	LC	0	0
Graomys griseoflavus	21.5	0.142857142857143	0.0347841029766597	589.388299099621	Cricetidae	0.125	0.875	CytB	2	12	Rodentia	42	RODENTIA	CRICETIDAE	LC	0	0
Gulo gulo	22	0.464285714285714	0.0436912402125493	2622.30185	Mustelidae	0.333333333333333	0.666666666666667	CytB	1	1	Carnivora	43	CARNIVORA	MUSTELIDAE	LC	0	0
Handleyomys alfaroi	39.5	0.0741758241758242	0.0404949986912803	589.388299099621	Cricetidae	0.0714285714285714	0.928571428571429	CytB	2	30	Rodentia	100	RODENTIA	CRICETIDAE	LC	0	0
Handleyomys chapmani	21	0.1	0.0446723581362226	589.388299099621	Cricetidae	0.0909090909090909	0.909090909090909	CytB	1	10	Rodentia	21	RODENTIA	CRICETIDAE	VU	1	0
Handleyomys rostratus	21.6666666666667	0.0428571428571429	0.0212660110547889	589.388299099621	Cricetidae	0.0410958904109589	0.958904109589041	CytB	2	28	Rodentia	44	RODENTIA	CRICETIDAE	LC	0	0
Hemiechinus auritus	35.25	0.0303308823529412	0.06163842199392	940.3939	Erinaceidae	0.0294372294372294	0.970562770562771	CytB	1	31.5	Eulipotyphla	21	EULIPOTYPHLA	ERINACEIDAE	LC	0	0
Herpestes javanicus	51.5714285714286	0.187990580847724	0.0326802762150206	1472.701	Herpestidae	0.158231368186874	0.841768631813126	CytB	10	47	Carnivora	542	CARNIVORA	HERPESTIDAE	LC	0	0
Hipposideros armiger	43.125	0.272727272727273	0.0234295419123801	1834.2256	Hipposideridae	0.214285714285714	0.785714285714286	CytB	3	10	Chiroptera	101	CHIROPTERA	HIPPOSIDERIDAE	LC	0	0
Hipposideros caffer	32.25	0.0425531914893617	0.032284959124051	1834.2256	Hipposideridae	0.0408163265306122	0.959183673469388	CytB	4	94	Chiroptera	129	CHIROPTERA	HIPPOSIDERIDAE	LC	0	0
Hipposideros pratti	39.5	0	0.0183699054075815	1834.2256	Hipposideridae	0	1	CytB	0	22	Chiroptera	0	CHIROPTERA	HIPPOSIDERIDAE	LC	0	0
Hipposideros ruber	25	0.0606060606060606	0.0233113834214679	1834.2256	Hipposideridae	0.0571428571428571	0.942857142857143	CytB	4	61	Chiroptera	92	CHIROPTERA	HIPPOSIDERIDAE	LC	0	0
Holochilus chacarius	21	0.1	0.0364692824730215	766.22453	Cricetidae	0.0909090909090909	0.909090909090909	CytB	1	6	Rodentia	15	RODENTIA	CRICETIDAE	LC	0	0
Hydropotes inermis	22	0.0833333333333333	0.017612802437774	2190	Cervidae	0.0769230769230769	0.923076923076923	CytB	1	11	Cetartiodactyla	22	CETARTIODACTYLA	CERVIDAE	VU	1	0
Hylaeamys megacephalus	73.5	0.0416666666666667	0.0377709005222719	470.3622	Cricetidae	0.04	0.96	CytB	1	10	Rodentia	64	RODENTIA	CRICETIDAE	LC	0	0
Hylobates agilis	57.375	0.298148148148148	0.0875802596572227	5475	Hylobatidae	0.230769230769231	0.769230769230769	CytB	2	15	Primates	253	PRIMATES	HYLOBATIDAE	EN	2	1
Hylobates lar	64	0.166666666666667	0.109224660720453	5475	Hylobatidae	0.142857142857143	0.857142857142857	CytB	2	13	Primates	122	PRIMATES	HYLOBATIDAE	EN	2	1
Hypsignathus monstrosus	58	0.111111111111111	0.0422687920013003	2349.856740625	Pteropodidae	0.1	0.9	CytB	1	7	Chiroptera	58	CHIROPTERA	PTEROPODIDAE	LC	0	0
Ictidomys tridecemlineatus	81	0	0.0136978244883284	NA	NA	0	1	CytB	0	19	NA	0	RODENTIA	SCIURIDAE	LC	0	0
Indri indri	38.3333333333333	0.153846153846154	0.0536204400257289	4015	Indriidae	0.133333333333333	0.866666666666667	CytB	1	12	Primates	32	PRIMATES	INDRIIDAE	CR	3	1
Inia geoffrensis	44	0.25	0.0684518856950113	4840.09	Iniidae	0.25	0.75	CytB	2	4	Cetartiodactyla	85	CETARTIODACTYLA	INIIDAE	EN	2	1
Jaculus jaculus	41.3333333333333	0	0.0398832371836864	919.8561	Dipodidae	0	1	CytB	0	26.5	Rodentia	0	RODENTIA	DIPODIDAE	LC	0	0
Lama guanicoe	49.5	0.25	0.0388544046525843	4064.145	Camelidae	0.2	0.8	CytB	2	8	Cetartiodactyla	122	CETARTIODACTYLA	CAMELIDAE	LC	0	0
Laonastes aenigmamus	53.5833333333333	0.25	0.0554652504539075	1032.92357373767	Diatomyidae	0.2	0.8	CytB	11	45	Rodentia	593	RODENTIA	DIATOMYIDAE	LC	0	0
Lemur catta	45.6666666666667	0.5	0.0392298069360032	2920	Lemuridae	0.333333333333333	0.666666666666667	CytB	1	2	Primates	58	PRIMATES	LEMURIDAE	EN	2	1
Leopoldamys edwardsi	38.3511904761905	0.116963064295486	0.0443487709898494	639.631831820818	Muridae	0.105263157894737	0.894736842105263	CytB	8	79	Rodentia	268	RODENTIA	MURIDAE	LC	0	0
Lepilemur ruficaudatus	39.35	0.375	0.154846198057204	1637.7709666715	Lepilemuridae	0.272727272727273	0.727272727272727	CytB	5	8.5	Primates	164	PRIMATES	LEPILEMURIDAE	VU	1	0
Leptonychotes weddellii	58	0.2	0.0363819872886339	4015	Phocidae	0.166666666666667	0.833333333333333	CytB	1	5	Carnivora	58	CARNIVORA	PHOCIDAE	LC	0	0
Lepus brachyurus	64	0.1	0.0446688473794256	1047.27668	Leporidae	0.0909090909090909	0.909090909090909	CytB	1	7	Lagomorpha	21	LAGOMORPHA	LEPORIDAE	LC	0	0
Lepus capensis	39	0.0793766876687669	0.0152597464022675	1047.27668	Leporidae	0.0736842105263158	0.926315789473684	CytB	5	80	Lagomorpha	207	LAGOMORPHA	LEPORIDAE	LC	0	0
Lepus europaeus	23	0.0909090909090909	0.0162833984281461	730	Leporidae	0.0833333333333333	0.916666666666667	CytB	1	21	Lagomorpha	23	LAGOMORPHA	LEPORIDAE	LC	0	0
Lepus mandshuricus	34.3666666666666	0.111128048780488	0.0297719170417386	1047.27668	Leporidae	0.101123595505618	0.898876404494382	CytB	7	80	Lagomorpha	179	LAGOMORPHA	LEPORIDAE	LC	0	0
Lepus oiostolus	47.3333333333333	0.0889328063241107	0.0372951568010906	1047.27668	Leporidae	0.0833333333333333	0.916666666666667	CytB	2	26	Lagomorpha	96	LAGOMORPHA	LEPORIDAE	LC	0	0
Lepus sinensis	60.0416666666667	0.238095238095238	0.0325582835350714	1047.27668	Leporidae	0.196428571428571	0.803571428571429	CytB	3	15	Lagomorpha	137	LAGOMORPHA	LEPORIDAE	LC	0	0
Lepus timidus	42.5	0.166666666666667	0.0327162862973963	1047.27668	Leporidae	0.142857142857143	0.857142857142857	CytB	3	12	Lagomorpha	131	LAGOMORPHA	LEPORIDAE	LC	0	0
Lepus tolai	32	0.0714285714285714	0.0797837387950974	1047.27668	Leporidae	0.0666666666666667	0.933333333333333	CytB	1	7	Lagomorpha	22	LAGOMORPHA	LEPORIDAE	LC	0	0
Lepus yarkandensis	40	0.129032258064516	0.0279018359404876	1047.27668	Leporidae	0.114285714285714	0.885714285714286	CytB	2	17	Lagomorpha	83	LAGOMORPHA	LEPORIDAE	LC	0	0
Lophostoma silvicolum	62.6666666666667	0.10077519379845	0.0375368135533966	2064.27635	Phyllostomidae	0.0915492957746479	0.908450704225352	CytB	5	54	Chiroptera	342	CHIROPTERA	PHYLLOSTOMIDAE	LC	0	0
Loris tardigradus	61.8666666666666	0.5	0.096555768590933	2278.1475	Lorisidae	0.333333333333333	0.666666666666667	CytB	2	3	Primates	194	PRIMATES	LORISIDAE	EN	2	1
Loxodonta africana	66	0.275	0.110567193361648	9125	Elephantidae	0.215686274509804	0.784313725490196	CytB	9	38	Proboscidea	531	PROBOSCIDEA	ELEPHANTIDAE	VU	1	0
Lutra lutra	81	0	0.0869432092475222	2772.962083343	Mustelidae	0.0769230769230769	0.923076923076923	CytB	1	9	Carnivora	64	CARNIVORA	MUSTELIDAE	LC	0	0
Lutrogale perspicillata	42	0.173913043478261	0.0665758026709925	3650	Mustelidae	0.148148148148148	0.851851851851852	CytB	1	6	Carnivora	21	CARNIVORA	MUSTELIDAE	VU	1	0
Macaca fascicularis	52.6142857142857	0.194444444444444	0.139790853824364	5076.8362	Cercopithecidae	0.162790697674419	0.837209302325581	CytB	6	36	Primates	360	PRIMATES	CERCOPITHECIDAE	LC	0	0
Macaca nemestrina	53.2526737967915	0.363636363636364	0.152439272562858	4015	Cercopithecidae	0.266666666666667	0.733333333333333	CytB	14	44	Primates	605	PRIMATES	CERCOPITHECIDAE	VU	1	0
Marmosops caucae	51.95	0.0728172499116296	0.0274506012480157	NA	NA	0.0681818181818182	0.931818181818182	CytB	5	61	NA	262	DIDELPHIMORPHIA	DIDELPHIDAE	LC	0	0
Marmosops noctivagus	39.75	0.038961038961039	0.0118209878667044	642.840025	Didelphidae	0.0375	0.9625	CytB	2	67	Didelphimorphia	92	DIDELPHIMORPHIA	DIDELPHIDAE	LC	0	0
Martes americana	61.4	0.230769230769231	0.0373277731136165	2227.96	Mustelidae	0.193548387096774	0.806451612903226	CytB	4	23	Carnivora	251	CARNIVORA	MUSTELIDAE	LC	0	0
Martes melampus	29.3333333333333	0	0.0347460746176161	1772.805	Mustelidae	0	1	CytB	0	5	Carnivora	0	CARNIVORA	MUSTELIDAE	LC	0	0
Martes zibellina	51.8571428571428	0.384615384615385	0.0328950305318772	2087.381433343	Mustelidae	0.277777777777778	0.722222222222222	CytB	3	11	Carnivora	187	CARNIVORA	MUSTELIDAE	LC	0	0
Megaloglossus woermanni	61.6666666666667	0.236111111111111	0.0477626400085728	1553.79087272727	Pteropodidae	0.2	0.8	CytB	2	9	Chiroptera	127	CHIROPTERA	PTEROPODIDAE	LC	0	0
Meles meles	49.3125	0.225352112676056	0.0337299231160001	2161.2481	Mustelidae	0.183908045977011	0.816091954022989	CytB	8	45	Carnivora	446	CARNIVORA	MUSTELIDAE	LC	0	0
Meriones libycus	57	0.552777777777778	0.24029310961474	649.48035	Muridae	0.357142857142857	0.642857142857143	CytB	3	9	Rodentia	170	RODENTIA	MURIDAE	LC	0	0
Meriones meridianus	40.9513888888889	0.09	0.0299235691914763	608.148016666667	Muridae	0.0825688073394495	0.917431192660551	CytB	7	88	Rodentia	295	RODENTIA	MURIDAE	LC	0	0
Meriones tamariscinus	58	0.0555555555555556	0.0175172354244823	608.148016666667	Muridae	0.0526315789473684	0.947368421052632	CytB	1	27	Rodentia	81	RODENTIA	MURIDAE	LC	0	0
Microcebus griseorufus	45	0.25	0.0416395116064173	2053.5145	Cheirogaleidae	0.2	0.8	CytB	1	5	Primates	58	PRIMATES	CHEIROGALEIDAE	LC	0	0
Microcebus lehilahytsara	51.5	0.0588235294117647	0.0504088957970389	2053.5145	Cheirogaleidae	0.0555555555555556	0.944444444444444	CytB	1	13	Primates	21	PRIMATES	CHEIROGALEIDAE	VU	1	0
Microcebus mittermeieri	106.5	0.11437908496732	0.0473200514627288	2053.5145	Cheirogaleidae	0.105263157894737	0.894736842105263	CytB	1	13	Primates	155	PRIMATES	CHEIROGALEIDAE	EN	2	1
Microcebus murinus	51.125	0.204166666666667	0.061141306748131	2053.5145	Cheirogaleidae	0.172413793103448	0.827586206896552	CytB	3	20	Primates	142	PRIMATES	CHEIROGALEIDAE	LC	0	0
Microcebus myoxinus	54	0.333333333333333	0.18653382248515	2053.5145	Cheirogaleidae	0.258333333333333	0.741666666666667	CytB	3	8	Primates	162	PRIMATES	CHEIROGALEIDAE	VU	1	0
Microcebus rufus	49.8461538461538	0.0857142857142857	0.0509441923322549	2053.5145	Cheirogaleidae	0.0789473684210526	0.921052631578947	CytB	4	70	Primates	236	PRIMATES	CHEIROGALEIDAE	VU	1	0
Micromys minutus	22.5	0.230769230769231	0.0332230008361901	502.66	Muridae	0.2	0.8	CytB	2	11	Rodentia	64	RODENTIA	MURIDAE	LC	0	0
Micronycteris megalotis	50.375	0.087719298245614	0.0381548636560081	2064.27635	Phyllostomidae	0.0806451612903226	0.919354838709677	CytB	4	47	Chiroptera	174	CHIROPTERA	PHYLLOSTOMIDAE	LC	0	0
Micropteropus pusillus	46.8333333333333	0.0545454545454545	0.0510321024027865	1553.79087272727	Pteropodidae	0.0517241379310345	0.948275862068966	CytB	1	15	Chiroptera	104	CHIROPTERA	PTEROPODIDAE	LC	0	0
Microtus agrestis	33.1388888888889	0.140625	0.0214902233645968	465.9675	Cricetidae	0.123287671232877	0.876712328767123	CytB	5	37	Rodentia	157	RODENTIA	CRICETIDAE	LC	0	0
Microtus arvalis	63.75	0.0333333333333333	0.0256677315555403	447.605	Cricetidae	0.032258064516129	0.967741935483871	CytB	1	26	Rodentia	58	RODENTIA	CRICETIDAE	LC	0	0
Microtus limnophilus	44.25	0.285714285714286	0.0489985747339508	373.623802083937	Cricetidae	0.222222222222222	0.777777777777778	CytB	4	13	Rodentia	177	RODENTIA	CRICETIDAE	LC	0	0
Microtus longicaudus	21	0.0784615384615385	0.028518007663021	373.623802083937	Cricetidae	0.0740740740740741	0.925925925925926	CytB	1	19	Rodentia	36	RODENTIA	CRICETIDAE	LC	0	0
Microtus lusitanicus	21	0.111111111111111	0.0536986931965596	373.623802083937	Cricetidae	0.1	0.9	CytB	3	35	Rodentia	63	RODENTIA	CRICETIDAE	LC	0	0
Microtus miurus	21	0.0909090909090909	0.0246016684620349	373.623802083937	Cricetidae	0.0833333333333333	0.916666666666667	CytB	1	10	Rodentia	21	RODENTIA	CRICETIDAE	LC	0	0
Microtus subterraneus	49.3333333333333	0.05	0.0291714299013922	373.623802083937	Cricetidae	0.0476190476190476	0.952380952380952	CytB	2	41	Rodentia	100	RODENTIA	CRICETIDAE	LC	0	0
Miniopterus schreibersii	21	0.0647482014388489	0.0384270463060685	1995.6986	Vespertilionidae	0.0608108108108108	0.939189189189189	CytB	2	9	Chiroptera	42	CHIROPTERA	MINIOPTERIDAE	LC	0	0
Mogera imaizumii	27.75	0.0303030303030303	0.0203218099626239	759.185721428571	Talpidae	0.0294117647058824	0.970588235294118	CytB	1	32	Eulipotyphla	21	EULIPOTYPHLA	TALPIDAE	LC	0	0
Mogera robusta	51	0.142857142857143	0.0182673252378263	759.185721428571	Talpidae	0.142857142857143	0.857142857142857	CytB	1	3	Eulipotyphla	21	EULIPOTYPHLA	TALPIDAE	LC	0	0
Mogera wogura	45.6666666666667	0.102040816326531	0.0203895776545314	759.185721428571	Talpidae	0.0925925925925926	0.907407407407407	CytB	4	48	Eulipotyphla	193	EULIPOTYPHLA	TALPIDAE	LC	0	0
Monodelphis americana	32.3333333333333	0.0740740740740741	0.0189807824810314	717.0425	Didelphidae	0.0689655172413793	0.931034482758621	CytB	4	56.5	Didelphimorphia	149.5	DIDELPHIMORPHIA	DIDELPHIDAE	LC	0	0
Monodelphis domestica	49	0.113636363636364	0.0328573977288358	717.0425	Didelphidae	0.102040816326531	0.897959183673469	CytB	4	40	Didelphimorphia	187	DIDELPHIMORPHIA	DIDELPHIDAE	LC	0	0
Monodelphis glirina	48.6477272727273	0.120879120879121	0.0326757676056338	717.0425	Didelphidae	0.107843137254902	0.892156862745098	CytB	7	57	Didelphimorphia	302	DIDELPHIMORPHIA	DIDELPHIDAE	LC	0	0
Mungotictis decemlineata	34	0.181818181818182	0.0593293679230701	2146.94685	Eupleridae	0.15587044534413	0.84412955465587	CytB	1	6	Carnivora	43	CARNIVORA	EUPLERIDAE	EN	2	1
Mus caroli	43	0.0606060606060606	0.0154987588292589	628.295	Muridae	0.0571428571428571	0.942857142857143	CytB	2	25	Rodentia	79	RODENTIA	MURIDAE	LC	0	0
Mus minutoides	30.9666666666667	0.11864406779661	0.0346054942422651	435.665	Muridae	0.106060606060606	0.893939393939394	CytB	6	51	Rodentia	180	RODENTIA	MURIDAE	LC	0	0
Mus musculus	38.25	0.107142857142857	0.00963078387390671	628.295	Muridae	0.0967741935483871	0.903225806451613	CytB	2	22	Rodentia	100	RODENTIA	MURIDAE	LC	0	0
Mustela erminea	58	0.166666666666667	0.039914123350863	1078.777858343	Mustelidae	0.142857142857143	0.857142857142857	CytB	1	4	Carnivora	58	CARNIVORA	MUSTELIDAE	LC	0	0
Mustela frenata	39.5	0.230769230769231	0.0436512173926715	986.110483343	Mustelidae	0.1875	0.8125	CytB	2	11	Carnivora	99	CARNIVORA	MUSTELIDAE	LC	0	0
Mustela nivalis	69.5	0	0.0384588411993092	1194.19395	Mustelidae	0	1	CytB	0	12	Carnivora	0	CARNIVORA	MUSTELIDAE	LC	0	0
Mustela sibirica	58.75	0.0910931174089069	0.047921291736597	1484.792222219	Mustelidae	0.0952380952380952	0.904761904761905	CytB	1	6	Carnivora	58	CARNIVORA	MUSTELIDAE	LC	0	0
Myodes glareolus	58	0.0833333333333333	0.0333177248998575	577.7512	Cricetidae	0.0769230769230769	0.923076923076923	CytB	1	10	Rodentia	58	RODENTIA	CRICETIDAE	LC	0	0
Myodes rufocanus	22	0	0	433.359922223833	Cricetidae	0	1	CytB	0	11	Rodentia	0	RODENTIA	CRICETIDAE	LC	0	0
Myodes rutilus	142	0.0303030303030303	0.0566460311577064	433.359922223833	Cricetidae	0.0294117647058824	0.970588235294118	CytB	1	26	Rodentia	81	RODENTIA	CRICETIDAE	LC	0	0
Myonycteris torquata	21	0	0.0375946750028304	1553.79087272727	Pteropodidae	0	1	CytB	0	8	Chiroptera	0	CHIROPTERA	PTEROPODIDAE	LC	0	0
Myotis albescens	34.5454545454545	0.142857142857143	0.0277794863441856	2106.62850416667	Vespertilionidae	0.131465517241379	0.868534482758621	CytB	5	24	Chiroptera	184	CHIROPTERA	VESPERTILIONIDAE	LC	0	0
Myotis aurascens	49.2833333333333	0.126666666666667	0.0382640025841947	2106.62850416667	Vespertilionidae	0.112426035502959	0.887573964497041	CytB	8	51	Chiroptera	365	CHIROPTERA	VESPERTILIONIDAE	LC	0	0
Myotis davidii	51	0.133333333333333	0.0203757812154491	2106.62850416667	Vespertilionidae	0.117647058823529	0.882352941176471	CytB	2	12	Chiroptera	67	CHIROPTERA	VESPERTILIONIDAE	LC	0	0
Myotis ikonnikovi	44.7142857142857	0.04	0.0223421537017303	2106.62850416667	Vespertilionidae	0.0384615384615385	0.961538461538462	CytB	1	22	Chiroptera	58	CHIROPTERA	VESPERTILIONIDAE	LC	0	0
Myotis macrodactylus	22	0.0416666666666667	0.00718197253237537	2106.62850416667	Vespertilionidae	0.0769230769230769	0.923076923076923	CytB	1	6	Chiroptera	21	CHIROPTERA	VESPERTILIONIDAE	LC	0	0
Myotis myotis	24	0.1	0.0571292502628406	2847	Vespertilionidae	0.0909090909090909	0.909090909090909	CytB	1	25	Chiroptera	36	CHIROPTERA	VESPERTILIONIDAE	LC	0	0
Myotis mystacinus	41.5	0.0833333333333333	0.0329160182155734	2864.16	Vespertilionidae	0.0769230769230769	0.923076923076923	CytB	3	36	Chiroptera	166	CHIROPTERA	VESPERTILIONIDAE	LC	0	0
Myotis nattereri	55.0952380952381	0.209876543209877	0.104102887371095	2106.62850416667	Vespertilionidae	0.175257731958763	0.824742268041237	CytB	13	75	Chiroptera	829	CHIROPTERA	VESPERTILIONIDAE	LC	0	0
Myotis velifer	34.5	0.107142857142857	0.0348017447516289	1579.5955	Vespertilionidae	0.0967741935483871	0.903225806451613	CytB	2	16	Chiroptera	67	CHIROPTERA	VESPERTILIONIDAE	LC	0	0
Nanonycteris veldkampii	21	0.25	0.0483201774979873	1553.79087272727	Pteropodidae	0.2	0.8	CytB	1	3	Chiroptera	21	CHIROPTERA	PTEROPODIDAE	LC	0	0
Napaeozapus insignis	48.625	0.0769230769230769	0.0203326375343115	755.61195	Dipodidae	0.0714285714285714	0.928571428571429	CytB	6	115	Rodentia	259	RODENTIA	DIPODIDAE	LC	0	0
Neodon irene	29.3333333333333	0.163636363636364	0.0417918563004698	589.388299099621	Cricetidae	0.140625	0.859375	CytB	2	13	Rodentia	67	RODENTIA	CRICETIDAE	LC	0	0
Neomys fodiens	39	0.032258064516129	0.0170564081358533	576.8888	Soricidae	0.03125	0.96875	CytB	1	28	Eulipotyphla	22	EULIPOTYPHLA	SORICIDAE	LC	0	0
Neophocaena phocaenoides	40	0.3	0.339588572311389	5840	Phocoenidae	0.230769230769231	0.769230769230769	CytB	2	8	Cetartiodactyla	79	CETARTIODACTYLA	PHOCOENIDAE	VU	1	0
Neophocaena phocaenoides	40	0.3	0.339588572311389	6095.5	Phocoenidae	0.230769230769231	0.769230769230769	CytB	2	8	Cetartiodactyla	79	CETARTIODACTYLA	PHOCOENIDAE	VU	1	0
Neotoma albigula	32.25	0.333333333333333	0.0385183013679013	1019.7194	Cricetidae	0.25	0.75	CytB	2	8	Rodentia	67	RODENTIA	CRICETIDAE	LC	0	0
Niviventer andersoni	49.5454545454545	0.154929577464789	0.0852139804053415	639.631831820818	Muridae	0.142857142857143	0.857142857142857	CytB	4	23	Rodentia	183	RODENTIA	MURIDAE	LC	0	0
Niviventer confucianus	35.9	0.0555555555555556	0.0232540725795459	624.399640909091	Muridae	0.0526315789473684	0.947368421052632	CytB	3	52	Rodentia	100	RODENTIA	MURIDAE	LC	0	0
Niviventer excelsior	40.5625	0.13597842835131	0.0628453464273856	639.631831820818	Muridae	0.12	0.88	CytB	7	59	Rodentia	247	RODENTIA	MURIDAE	LC	0	0
Niviventer fulvescens	33.125	0.0869565217391304	0.0175686096823998	624.399640909091	Muridae	0.08	0.92	CytB	8	84	Rodentia	229	RODENTIA	MURIDAE	LC	0	0
Noctilio albiventris	21	0.0333333333333333	0.0685761375235807	1888.06537051282	Noctilionidae	0.032258064516129	0.967741935483871	CytB	1	59	Chiroptera	21	CHIROPTERA	NOCTILIONIDAE	LC	0	0
Noctilio leporinus	103.333333333333	0	0.0676049269509145	1888.06537051282	Noctilionidae	0	1	CytB	0	12	Chiroptera	0	CHIROPTERA	NOCTILIONIDAE	LC	0	0
Nomascus gabriellae	54.5	0.381818181818182	0.12446532416858	5475	Hylobatidae	0.285714285714286	0.714285714285714	CytB	2	6	Primates	116	PRIMATES	HYLOBATIDAE	EN	2	1
Nomascus leucogenys	58	0.333333333333333	0.112528266694402	5475	Hylobatidae	0.25	0.75	CytB	2	3	Primates	79	PRIMATES	HYLOBATIDAE	CR	3	1
Nomascus siki	40.8	0.181878306878307	0.120578478785415	5475	Hylobatidae	0.15625	0.84375	CytB	4	28	Primates	204	PRIMATES	HYLOBATIDAE	EN	2	1
Nyctereutes procyonoides	52	0.333333333333333	0.0334091026353013	2091.936666657	Canidae	0.25	0.75	CytB	4	19	Carnivora	268	CARNIVORA	CANIDAE	LC	0	0
Nycticebus bengalensis	63.5	0.4	0.190446956888112	2555	Lorisidae	0.285714285714286	0.714285714285714	CytB	4	9	Primates	255	PRIMATES	LORISIDAE	VU	1	0
Nycticebus pygmaeus	59.6666666666667	0.4	0.0908967346812481	2920	Lorisidae	0.285714285714286	0.714285714285714	CytB	2	4	Primates	143	PRIMATES	LORISIDAE	VU	1	0
Ochotona collaris	33.3333333333333	0.6	0.0310574939213592	894.25	Ochotonidae	0.375	0.625	CytB	3	6	Lagomorpha	100	LAGOMORPHA	OCHOTONIDAE	LC	0	0
Ochotona curzoniae	51	0.217391304347826	0.0368243498527146	751.47417	Ochotonidae	0.178571428571429	0.821428571428571	CytB	3	18	Lagomorpha	151	LAGOMORPHA	OCHOTONIDAE	LC	0	0
Ochotona hyperborea	22	0.0909090909090909	0.0238688017160092	751.47417	Ochotonidae	0.0833333333333333	0.916666666666667	CytB	2	18	Lagomorpha	44	LAGOMORPHA	OCHOTONIDAE	LC	0	0
Ochotona princeps	44.3333333333333	0.0625	0.023650905134743	1045.7507	Ochotonidae	0.0588235294117647	0.941176470588235	CytB	2	40	Lagomorpha	100	LAGOMORPHA	OCHOTONIDAE	LC	0	0
Ochotona rufescens	35.6269841269841	0.142857142857143	0.0862010671519543	751.47417	Ochotonidae	0.125	0.875	CytB	3	4	Lagomorpha	94	LAGOMORPHA	OCHOTONIDAE	LC	0	0
Ochotona thibetana	35.875	0.166666666666667	0.0272919043747763	854.6685	Ochotonidae	0.142857142857143	0.857142857142857	CytB	7	46	Lagomorpha	275	LAGOMORPHA	OCHOTONIDAE	LC	0	0
Odocoileus virginianus	47.5	0.0833333333333333	0.0290444063723325	2713.883333343	Cervidae	0.0769230769230769	0.923076923076923	CytB	2	23	Cetartiodactyla	95	CETARTIODACTYLA	CERVIDAE	LC	0	0
Ornithorhynchus anatinus	41.3333333333333	0.315789473684211	0.0462421342984469	2878.755	Ornithorhynchidae	0.24	0.76	CytB	3	8	Monotremata	160	MONOTREMATA	ORNITHORHYNCHIDAE	LC	0	0
Ovis ammon	52.375	0.125	0.0942035853148524	2920	Bovidae	0.111111111111111	0.888888888888889	CytB	2	12	Cetartiodactyla	104	CETARTIODACTYLA	BOVIDAE	LC	0	0
Ovis canadensis	62.5	0.333333333333333	0.0292505295306109	2634.501666657	Bovidae	0.285714285714286	0.714285714285714	CytB	2	5	Cetartiodactyla	98	CETARTIODACTYLA	BOVIDAE	LC	0	0
Ovis orientalis	52	0.111111111111111	0.0813201513788716	2920	Bovidae	0.1	0.9	CytB	1	7	Cetartiodactyla	46	CETARTIODACTYLA	BOVIDAE	VU	1	0
Paguma larvata	83.5	0	0.0322864002480206	3014.413333343	Viverridae	0	1	CytB	0	4	Carnivora	0	CARNIVORA	VIVERRIDAE	LC	0	0
Pan paniscus	59.3333333333333	0.875	0.223505279933675	9125	Hominidae	0.466666666666667	0.533333333333333	CytB	5	7	Primates	282	PRIMATES	HOMINIDAE	EN	2	1
Pan troglodytes	51.8	0.333333333333333	0.120189606219526	7300	Hominidae	0.25	0.75	CytB	5	13	Primates	259	PRIMATES	HOMINIDAE	EN	2	1
Panthera leo	51.875	0.5	0.0441550505069636	2190	Felidae	0.333333333333333	0.666666666666667	CytB	4	6	Carnivora	162	CARNIVORA	FELIDAE	VU	1	0
Panthera pardus	51	0.136363636363636	0.0409829054650427	3400.645433343	Felidae	0.12	0.88	CytB	3	21	Carnivora	124	CARNIVORA	FELIDAE	VU	1	0
Panthera tigris	75.1666666666667	0.4	0.0699953735383826	2920	Felidae	0.333333333333333	0.666666666666667	CytB	2	4	Carnivora	105	CARNIVORA	FELIDAE	EN	2	1
Papio anubis	54.5	0.529411764705882	0.212599480892293	3833.595	Cercopithecidae	0.346153846153846	0.653846153846154	CytB	9	15	Primates	433	PRIMATES	CERCOPITHECIDAE	LC	0	0
Papio cynocephalus	54.6527777777778	0.512820512820513	0.164436835302137	6188.575	Cercopithecidae	0.338983050847458	0.661016949152542	CytB	18	39	Primates	999	PRIMATES	CERCOPITHECIDAE	LC	0	0
Papio hamadryas	77.5	0.267857142857143	0.360645094581039	5332.504	Cercopithecidae	0.222222222222222	0.777777777777778	CytB	1	6	Primates	81	PRIMATES	CERCOPITHECIDAE	LC	0	0
Papio ursinus	45.0476190476191	0.452380952380952	0.310498555941349	5714.3305	Cercopithecidae	0.311475409836066	0.688524590163934	CytB	16	40	Primates	759	PRIMATES	CERCOPITHECIDAE	LC	0	0
Paradoxurus hermaphroditus	52.05	0.112698412698413	0.0503573997770873	2807.00376124	Viverridae	0.101282051282051	0.898717948717949	CytB	2	50	Carnivora	91.5	CARNIVORA	VIVERRIDAE	LC	0	0
Pecari tajacu	40.8333333333333	0.185185185185185	0.0788340336058326	3102.921666657	Tayassuidae	0.15625	0.84375	CytB	7	43	Cetartiodactyla	306	CETARTIODACTYLA	TAYASSUIDAE	LC	0	0
Peromyscus guatemalensis	40.3	0.133333333333333	0.0459004278010908	635.280494446056	Cricetidae	0.117647058823529	0.882352941176471	CytB	7	49	Rodentia	283	RODENTIA	CRICETIDAE	LC	0	0
Peromyscus keeni	64	0.183333333333333	0.0448777688910008	635.280494446056	Cricetidae	0.154761904761905	0.845238095238095	CytB	1	7	Rodentia	64	RODENTIA	CRICETIDAE	LC	0	0
Peromyscus maniculatus	36.5	0.158492822966507	0.0529951499096307	940.1262	Cricetidae	0.13680926916221	0.86319073083779	CytB	4.5	44	Rodentia	151.5	RODENTIA	CRICETIDAE	LC	0	0
Peromyscus mexicanus	35.7777777777778	0.113924050632911	0.044278494552597	635.280494446056	Cricetidae	0.102272727272727	0.897727272727273	CytB	8	70	Rodentia	285	RODENTIA	CRICETIDAE	LC	0	0
Peromyscus pectoralis	50.4	0.0615384615384615	0.0362072065862267	635.280494446056	Cricetidae	0.0579710144927536	0.942028985507246	CytB	3	43	Rodentia	83	RODENTIA	CRICETIDAE	LC	0	0
Peromyscus polionotus	21	0.25	0.33697943243142	634.2918	Cricetidae	0.2	0.8	CytB	1	4	Rodentia	21	RODENTIA	CRICETIDAE	LC	0	0
Peromyscus truei	39.85	0.113636363636364	0.0421921976697711	639.38525	Cricetidae	0.102040816326531	0.897959183673469	CytB	5	44	Rodentia	166	RODENTIA	CRICETIDAE	LC	0	0
Petaurista leucogenys	61.6666666666667	0.125	0.0365381729904091	2015.75510185078	Sciuridae	0.111111111111111	0.888888888888889	CytB	2	14	Rodentia	99	RODENTIA	SCIURIDAE	LC	0	0
Phoca largha	24.5	0.5	0.0344846838763877	6935	Phocidae	0.333333333333333	0.666666666666667	CytB	2	3	Carnivora	42	CARNIVORA	PHOCIDAE	LC	0	0
Phoca vitulina	51.6666666666667	0.696969696969697	0.0681086312143763	5413.68	Phocidae	0.444444444444444	0.555555555555556	CytB	3	3	Carnivora	125	CARNIVORA	PHOCIDAE	LC	0	0
Phodopus campbelli	21.5	0.142857142857143	0.0244046432081055	249.2027166715	Cricetidae	0.125	0.875	CytB	2	19	Rodentia	43	RODENTIA	CRICETIDAE	LC	0	0
Phodopus roborovskii	45.325	0.5	0.0357637518556948	550.909	Cricetidae	0.333333333333333	0.666666666666667	CytB	3	4	Rodentia	120	RODENTIA	CRICETIDAE	LC	0	0
Phodopus sungorus	21	0.190909090909091	0.0423231176795493	474.4575	Cricetidae	0.166666666666667	0.833333333333333	CytB	1	9	Rodentia	42	RODENTIA	CRICETIDAE	LC	0	0
Phyllotis xanthopygus	34.85	0.101010101010101	0.0370397106163875	589.388299099621	Cricetidae	0.0917431192660551	0.908256880733945	CytB	7	92	Rodentia	210	RODENTIA	CRICETIDAE	LC	0	0
Pipistrellus abramus	38	0.166666666666667	0.0280982783188663	1885.946275	Vespertilionidae	0.142857142857143	0.857142857142857	CytB	5	32	Chiroptera	170	CHIROPTERA	VESPERTILIONIDAE	LC	0	0
Pipistrellus hesperidus	42.45	0.0722903225806452	0.0295541866914316	1885.946275	Vespertilionidae	0.0676691729323308	0.932330827067669	CytB	3	25	Chiroptera	166	CHIROPTERA	VESPERTILIONIDAE	LC	0	0
Plagiodontia aedium	47.3333333333333	0.259259259259259	0.0634907749462627	3650	Capromyidae	0.205882352941176	0.794117647058823	CytB	8	27	Rodentia	390	RODENTIA	CAPROMYIDAE	EN	2	1
Plecotus macrobullaris	36.25	0.196774193548387	0.0355351239771757	2759.4	Vespertilionidae	0.166666666666667	0.833333333333333	CytB	4	27	Chiroptera	137	CHIROPTERA	VESPERTILIONIDAE	LC	0	0
Presbytis melalophos	55.0079365079365	0.34	0.0673886832266593	3650	Cercopithecidae	0.253731343283582	0.746268656716418	CytB	17	45	Primates	872	PRIMATES	CERCOPITHECIDAE	EN	2	1
Prionailurus bengalensis	40.4	0.113636363636364	0.0318416713823256	2350.842866657	Felidae	0.102040816326531	0.897959183673469	CytB	1	9	Carnivora	81	CARNIVORA	FELIDAE	LC	0	0
Prionailurus viverrinus	58.5166666666667	0.3875	0.049237477276517	2190	Felidae	0.285714285714286	0.714285714285714	CytB	7	9	Carnivora	506	CARNIVORA	FELIDAE	VU	1	0
Procyon lotor	50.7063492063492	0.384615384615385	0.0945956200761294	2703.9188	Procyonidae	0.277777777777778	0.722222222222222	CytB	6	16	Carnivora	340	CARNIVORA	PROCYONIDAE	LC	0	0
Proechimys cuvieri	53.5	0.206896551724138	0.0332212135210837	631.7859833285	Echimyidae	0.171428571428571	0.828571428571429	CytB	4	16	Rodentia	233	RODENTIA	ECHIMYIDAE	LC	0	0
Propithecus diadema	67.6	0.0857142857142857	0.0396417047287401	3650	Indriidae	0.0789473684210526	0.921052631578947	CytB	3	34	Primates	183	PRIMATES	INDRIIDAE	CR	3	1
Pseudois nayaur	57.4285714285714	0.3	0.101683587215717	2949.321666657	Bovidae	0.230769230769231	0.769230769230769	CytB	6	23	Cetartiodactyla	402	CETARTIODACTYLA	BOVIDAE	LC	0	0
Pteromys volans	53.75	0.111111111111111	0.0298091465633502	1384.1212625	Sciuridae	0.1	0.9	CytB	1	11	Rodentia	81	RODENTIA	SCIURIDAE	LC	0	0
Pteronotus davyi	33	0.138888888888889	0.0598162101659011	2070.531028	Mormoopidae	0.121951219512195	0.878048780487805	CytB	7	69	Chiroptera	229	CHIROPTERA	MORMOOPIDAE	LC	0	0
Pteronotus gymnonotus	32	0.3	0.0317486513175437	1888.06537051282	Mormoopidae	0.25	0.75	CytB	2	5	Chiroptera	36	CHIROPTERA	MORMOOPIDAE	LC	0	0
Pteronotus parnellii	49.3055555555556	0.120879120879121	0.0542306912067804	1888.06537051282	Mormoopidae	0.107843137254902	0.892156862745098	CytB	5	71	Chiroptera	232	CHIROPTERA	MORMOOPIDAE	LC	0	0
Pteronotus personatus	59.75	0.181818181818182	0.023656137564852	2070.531028	Mormoopidae	0.153846153846154	0.846153846153846	CytB	4	8	Chiroptera	239	CHIROPTERA	MORMOOPIDAE	LC	0	0
Pteronotus quadridens	70.75	0.0952380952380952	0.0442132189590563	2070.531028	Mormoopidae	0.0869565217391304	0.91304347826087	CytB	1	18	Chiroptera	58	CHIROPTERA	MORMOOPIDAE	LC	0	0
Pteronotus rubiginosus	32	0.9	0.0424546151770651	NA	NA	0.5	0.5	CytB	1	2	NA	46	CHIROPTERA	MORMOOPIDAE	LC	0	0
Pteropus seychellensis	81	0.166666666666667	0.0553952807325924	2945.91840714286	Pteropodidae	0.125	0.875	CytB	0.5	2	Chiroptera	40.5	CHIROPTERA	PTEROPODIDAE	LC	0	0
Rangifer tarandus	29.25	0.125	0	1825	Cervidae	0.111111111111111	0.888888888888889	CytB	1	7	Cetartiodactyla	21	CETARTIODACTYLA	CERVIDAE	VU	1	0
Rattus exulans	22	0.25	0.0205936637882073	534.7590666715	Muridae	0.2	0.8	CytB	2	5	Rodentia	43	RODENTIA	MURIDAE	LC	0	0
Rattus rattus	34.5	0.105263157894737	0.0216741621411697	546.1994	Muridae	0.0952380952380952	0.904761904761905	CytB	3	29.5	Rodentia	114	RODENTIA	MURIDAE	LC	0	0
Rattus tanezumi	21.5	0.21875	0.103365247725327	534.7590666715	Muridae	0.179487179487179	0.82051282051282	CytB	2	12	Rodentia	63	RODENTIA	MURIDAE	LC	0	0
Reithrodontomys fulvescens	52.5555555555556	0.0978260869565217	0.039753357773039	202.795	Cricetidae	0.0891089108910891	0.910891089108911	CytB	4	34	Rodentia	220	RODENTIA	CRICETIDAE	LC	0	0
Reithrodontomys mexicanus	31.5714285714286	0.10655737704918	0.0415326430946301	202.795	Cricetidae	0.0962962962962963	0.903703703703704	CytB	7	116	Rodentia	267	RODENTIA	CRICETIDAE	LC	0	0
Reithrodontomys sumichrasti	21	0.0740740740740741	0.0516889598878394	202.795	Cricetidae	0.0689655172413793	0.931034482758621	CytB	1	22	Rodentia	21	RODENTIA	CRICETIDAE	LC	0	0
Rhinolophus affinis	51.4166666666667	0.206896551724138	0.0573343558314294	2726.53565	Rhinolophidae	0.181818181818182	0.818181818181818	CytB	5	26	Chiroptera	218	CHIROPTERA	RHINOLOPHIDAE	LC	0	0
Rhinolophus arcuatus	58	0.0697674418604651	0.0278671887768583	2937.38135	Rhinolophidae	0.0652173913043478	0.934782608695652	CytB	1	9	Chiroptera	58	CHIROPTERA	RHINOLOPHIDAE	LC	0	0
Rhinolophus clivosus	22	0.04	0.0492704820051426	2726.53565	Rhinolophidae	0.0384615384615385	0.961538461538462	CytB	2	49	Chiroptera	43	CHIROPTERA	RHINOLOPHIDAE	LC	0	0
Rhinolophus macrotis	26.2	0.114285714285714	0.0527623561530151	2937.38135	Rhinolophidae	0.102564102564103	0.897435897435897	CytB	3	30	Chiroptera	67	CHIROPTERA	RHINOLOPHIDAE	LC	0	0
Rhinolophus pearsonii	43.8	0.111111111111111	0.0336891729398501	2726.53565	Rhinolophidae	0.1	0.9	CytB	6	48	Chiroptera	268	CHIROPTERA	RHINOLOPHIDAE	LC	0	0
Rhinolophus pusillus	21	0.222222222222222	0.0251214323880593	2937.38135	Rhinolophidae	0.181818181818182	0.818181818181818	CytB	2	8	Chiroptera	63	CHIROPTERA	RHINOLOPHIDAE	LC	0	0
Rhinolophus rouxii	54.5	0.0789473684210526	0.0490684277303833	1051.1426	Rhinolophidae	0.0740740740740741	0.925925925925926	CytB	3	4	Chiroptera	233	CHIROPTERA	RHINOLOPHIDAE	LC	0	0
Rousettus aegyptiacus	32.6666666666667	0.166666666666667	0.0371204147634854	1825	Pteropodidae	0.142857142857143	0.857142857142857	CytB	3	15	Chiroptera	98	CHIROPTERA	PTEROPODIDAE	LC	0	0
Rousettus leschenaultii	21	0.125	0.0133083633142712	1679.8551	Pteropodidae	0.111111111111111	0.888888888888889	CytB	1	7	Chiroptera	21	CHIROPTERA	PTEROPODIDAE	LC	0	0
Rousettus madagascariensis	21	0.166666666666667	0.19428984267928	1825	Pteropodidae	0.142857142857143	0.857142857142857	CytB	1	6	Chiroptera	21	CHIROPTERA	PTEROPODIDAE	VU	1	0
Saimiri boliviensis	58	0.363636363636364	0.0838550573057492	3354.65875	Cebidae	0.266666666666667	0.733333333333333	CytB	2	7	Primates	139	PRIMATES	CEBIDAE	LC	0	0
Saimiri sciureus	64.4444444444444	0.147058823529412	0.368897188825541	3789.3175	Cebidae	0.128205128205128	0.871794871794872	CytB	5	32	Primates	305	PRIMATES	CEBIDAE	LC	0	0
Sapajus apella	58	0.222222222222222	0.141360638240702	NA	NA	0.181818181818182	0.818181818181818	CytB	1	6	NA	81	PRIMATES	CEBIDAE	LC	0	0
Sciurus lis	91.5	0	0.00639562706709375	2122.20083333333	Sciuridae	0	1	CytB	0	4	Rodentia	0	RODENTIA	SCIURIDAE	LC	0	0
Sciurus vulgaris	58	0	0.0133134629461078	1612.7525	Sciuridae	0	1	CytB	0	4	Rodentia	0	RODENTIA	SCIURIDAE	LC	0	0
Semnopithecus entellus	55.925	0.333333333333333	0.0761866287956929	3806.439	Cercopithecidae	0.25	0.75	CytB	21	59	Primates	1169	PRIMATES	CERCOPITHECIDAE	LC	0	0
Sorex araneus	58.6666666666667	0	0.0106190537867833	524.7815	Soricidae	0	1	CytB	0	6	Eulipotyphla	0	EULIPOTYPHLA	SORICIDAE	LC	0	0
Sorex asper	28	0	0.0167855840360926	422.884597917875	Soricidae	0	1	CytB	0	4	Eulipotyphla	0	EULIPOTYPHLA	SORICIDAE	LC	0	0
Sorex caecutiens	23.75	0.2	0.011297391979739	422.884597917875	Soricidae	0.166666666666667	0.833333333333333	CytB	3	8	Eulipotyphla	80	EULIPOTYPHLA	SORICIDAE	LC	0	0
Sorex cinereus	21	0.0566037735849057	0.0193951958346243	331.5827166715	Soricidae	0.0535714285714286	0.946428571428571	CytB	2	26	Eulipotyphla	42	EULIPOTYPHLA	SORICIDAE	LC	0	0
Sorex cylindricauda	56	0.0563492063492063	0.0210511650597436	422.884597917875	Soricidae	0.0540540540540541	0.945945945945946	CytB	2	35	Eulipotyphla	164	EULIPOTYPHLA	SORICIDAE	LC	0	0
Sorex minutissimus	21	0	0.0123106292711708	422.884597917875	Soricidae	0	1	CytB	0	14	Eulipotyphla	0	EULIPOTYPHLA	SORICIDAE	LC	0	0
Sorex monticolus	22	0.166666666666667	0.0267872896060281	422.884597917875	Soricidae	0.142857142857143	0.857142857142857	CytB	1	6	Eulipotyphla	22	EULIPOTYPHLA	SORICIDAE	LC	0	0
Sorex palustris	72.5	0	0.048611192307071	273.1928	Soricidae	0	1	CytB	0	4	Eulipotyphla	0	EULIPOTYPHLA	SORICIDAE	LC	0	0
Sorex tundrensis	47.5	0	0.0107754609075336	422.884597917875	Soricidae	0	1	CytB	0	13	Eulipotyphla	0	EULIPOTYPHLA	SORICIDAE	LC	0	0
Sorex ugyunak	31.75	0	0.0222149139888973	422.884597917875	Soricidae	0	1	CytB	0	3	Eulipotyphla	0	EULIPOTYPHLA	SORICIDAE	LC	0	0
Sorex unguiculatus	21	0.0476190476190476	0.0155532199643504	392.4667	Soricidae	0.0454545454545455	0.954545454545455	CytB	1	17	Eulipotyphla	21	EULIPOTYPHLA	SORICIDAE	LC	0	0
Stenella attenuata	58	0	0.0771069514148979	8395	Delphinidae	0	1	CytB	0	17	Cetartiodactyla	0	CETARTIODACTYLA	DELPHINIDAE	LC	0	0
Stenella coeruleoalba	57	0	0	7926.62525	Delphinidae	0	1	CytB	0	7	Cetartiodactyla	0	CETARTIODACTYLA	DELPHINIDAE	LC	0	0
Stenella longirostris	34	0.133333333333333	0.0347439185371906	8395	Delphinidae	0.117647058823529	0.882352941176471	CytB	2	4	Cetartiodactyla	67	CETARTIODACTYLA	DELPHINIDAE	LC	0	0
Sturnira lilium	36.6666666666667	0.142857142857143	0.0259427699605949	2064.27635	Phyllostomidae	0.125	0.875	CytB	3	17	Chiroptera	139	CHIROPTERA	PHYLLOSTOMIDAE	LC	0	0
Sturnira parvidens	21	0	0.0312664044308174	NA	NA	0	1	CytB	0	4	NA	0	CHIROPTERA	PHYLLOSTOMIDAE	LC	0	0
Sturnira tildae	58	0.25	0.0279144084352728	2064.27635	Phyllostomidae	0.2	0.8	CytB	1	5	Chiroptera	65	CHIROPTERA	PHYLLOSTOMIDAE	LC	0	0
Suncus murinus	54.7117647058824	0.333333333333333	0.0215325918123886	363.52745	Soricidae	0.275	0.725	CytB	8	10	Eulipotyphla	285	EULIPOTYPHLA	SORICIDAE	LC	0	0
Sus barbatus	44.8333333333333	0.455533596837945	0.0786009343008483	2555	Suidae	0.313432835820896	0.686567164179104	CytB	3	4	Cetartiodactyla	102	CETARTIODACTYLA	SUIDAE	VU	1	0
Sus scrofa	56	0.272727272727273	0.0325025510953628	2656.07	Suidae	0.224789915966387	0.775210084033613	CytB	2	9	Cetartiodactyla	81	CETARTIODACTYLA	SUIDAE	LC	0	0
Symphalangus syndactylus	53.7	0.5	0.0795279588229814	4745	Hylobatidae	0.333333333333333	0.666666666666667	CytB	3	6	Primates	174	PRIMATES	HYLOBATIDAE	EN	2	1
Talpa europaea	44.9090909090909	0.0769230769230769	0.0264147877796264	1000.1	Talpidae	0.0714285714285714	0.928571428571429	CytB	1	21	Eulipotyphla	21	EULIPOTYPHLA	TALPIDAE	LC	0	0
Talpa romana	65.35	0.190909090909091	0.0233744080304887	1000.1	Talpidae	0.166666666666667	0.833333333333333	CytB	2	15	Eulipotyphla	155	EULIPOTYPHLA	TALPIDAE	LC	0	0
Tamiops maritimus	41.5	0.102803738317757	0.022087492992695	1239.29886944283	Sciuridae	0.0932203389830508	0.906779661016949	CytB	8	102	Rodentia	332	RODENTIA	SCIURIDAE	LC	0	0
Tarsius dentatus	46.7916666666667	0.170731707317073	0.0522640533954593	2190	Tarsiidae	0.148936170212766	0.851063829787234	CytB	4	31	Primates	187	PRIMATES	TARSIIDAE	VU	1	0
Thylacinus cynocephalus	21	0	0.0287456240802567	NA	NA	0	1	CytB	0	11	NA	0	DASYUROMORPHIA	THYLACINIDAE	EX	4	1
Thylamys elegans	49.125	0.0535714285714286	0.0183348722371404	642.840025	Didelphidae	0.0508474576271186	0.949152542372881	CytB	2	52	Didelphimorphia	81	DIDELPHIMORPHIA	DIDELPHIDAE	LC	0	0
Thylamys pallidior	44.1031746031746	0.170212765957447	0.0343748083749546	642.840025	Didelphidae	0.145454545454545	0.854545454545454	CytB	6	37	Didelphimorphia	336	DIDELPHIMORPHIA	DIDELPHIDAE	LC	0	0
Thylamys pusillus	26.5	0.0821917808219178	0.0306775101088825	642.840025	Didelphidae	0.0759493670886076	0.924050632911392	CytB	3	68	Didelphimorphia	58	DIDELPHIMORPHIA	DIDELPHIDAE	LC	0	0
Trachypithecus phayrei	44.0769230769231	0.142857142857143	0.0709189710260698	4015	Cercopithecidae	0.125	0.875	CytB	9	62	Primates	380	PRIMATES	CERCOPITHECIDAE	EN	2	1
Tupaia belangeri	58	0.166666666666667	0.0292352569027731	1458.084583343	Tupaiidae	0.25	0.75	CytB	1	3	Scandentia	36	SCANDENTIA	TUPAIIDAE	LC	0	0
Tursiops truncatus	81	0.184659090909091	0.0361820507353435	6427.88	Delphinidae	0.157894736842105	0.842105263157895	CytB	1	11	Cetartiodactyla	145	CETARTIODACTYLA	DELPHINIDAE	LC	0	0
Urocyon cinereoargenteus	41	0	0.0254269209476534	1955.5492	Canidae	0	1	CytB	0	5	Carnivora	0	CARNIVORA	CANIDAE	LC	0	0
Urotrichus talpoides	29.6	0.0810810810810811	0.0110772588277523	680.5528	Talpidae	0.075	0.925	CytB	5	36	Eulipotyphla	148	EULIPOTYPHLA	TALPIDAE	LC	0	0
Ursus americanus	49.6666666666667	0.3	0.0606639648756112	4734.07686657	Ursidae	0.232558139534884	0.767441860465116	CytB	8	28	Carnivora	366	CARNIVORA	URSIDAE	LC	0	0
Ursus arctos	51.5	0.25	0.0569449670293168	5976.26666657	Ursidae	0.2	0.8	CytB	2	10	Carnivora	120	CARNIVORA	URSIDAE	LC	0	0
Ursus maritimus	61	0.333333333333333	0.194591521047686	5475	Ursidae	0.25	0.75	CytB	1	2	Carnivora	21	CARNIVORA	URSIDAE	VU	1	0
Ursus thibetanus	45.3571428571428	0.162790697674419	0.0541131508579737	3650	Ursidae	0.14	0.86	CytB	2	11	Carnivora	102	CARNIVORA	URSIDAE	VU	1	0
Vulpes lagopus	29.125	0.285714285714286	0.0289908901050174	NA	NA	0.222222222222222	0.777777777777778	CytB	2	5	NA	43	CARNIVORA	CANIDAE	LC	0	0
Vulpes vulpes	51	0.162280701754386	0.0286878921756006	2105.3972	Canidae	0.142857142857143	0.857142857142857	CytB	2	16	Carnivora	102	CARNIVORA	CANIDAE	LC	0	0
Zapus hudsonius	37.4444444444444	0.136363636363636	0.0835996704453255	604.1943	Dipodidae	0.12	0.88	CytB	3	41	Rodentia	109	RODENTIA	DIPODIDAE	LC	0	0
Zapus princeps	42.4117647058824	0.173913043478261	0.0422477958657377	604.1943	Dipodidae	0.148148148148148	0.851851851851852	CytB	17	111	Rodentia	679	RODENTIA	DIPODIDAE	LC	0	0
Zapus trinotatus	59.1	0.0819672131147541	0.0301547582113098	604.1943	Dipodidae	0.0757575757575758	0.924242424242424	CytB	3	51	Rodentia	274	RODENTIA	DIPODIDAE	LC	0	0
Ziphius cavirostris	33.2	0.111111111111111	0.0349275317746948	6460.5	Ziphiidae	0.1	0.9	CytB	2	20	Cetartiodactyla	56	CETARTIODACTYLA	ZIPHIIDAE	LC	0	0
