Species	AverageGrantham	SummOfAllGrantham	KnKs	MedianOfAllSyn	MedianOfAllNonsyn	FractionOfSyn	FractionOfNonsyn	GenerationLength_d	category
Abrothrix longipilis	48.6642156862745	750	0.171428571428571	95	15	0.853658536585366	0.146341463414634	589.388299099621	LC
Abrothrix olivaceus	23	22	0.0909090909090909	10	1	0.916666666666667	0.0833333333333333	589.388299099621	LC
Acomys cahirinus	60.8125	377	0.160645161290323	75	11	0.845	0.155	650.0125	LC
Acomys dimidiatus	30.5	21	0.0833333333333333	16	1	0.923076923076923	0.0769230769230769	650.0125	LC
Ailuropoda melanoleuca	21	42	0.333333333333333	4	2	0.75	0.25	5246.699416657	VU
Akodon montensis	35.3333333333333	79	0.214285714285714	15	3	0.823529411764706	0.176470588235294	589.388299099621	LC
Akodon spegazzinii	21.6666666666667	64	0.142857142857143	14	3	0.875	0.125	589.388299099621	LC
Alouatta belzebul	81	22	0.0909090909090909	8	1	0.916666666666667	0.0833333333333333	4380	VU
Alouatta caraya	41.6666666666667	33	0.25	4.5	1	0.775	0.225	3750.594	LC
Alouatta guariba	52.75	160	0.422222222222222	9	3	0.692307692307692	0.307692307692308	3888.34118571429	LC
Alouatta seniculus	70.9166666666667	162	0.666666666666667	2	2	0.6	0.4	3833.157	LC
Amblysomus hottentotus	40.5	204	0.126136363636364	45	5	0.887096774193548	0.112903225806452	1036.5575833285	LC
Anourosorex squamipes	33	42	0.0555555555555556	25.5	1	0.947368421052632	0.0526315789473684	379.29295625	LC
Aotus nancymaae	NA	0	0	4	0	1	0	3047.8376	VU
Apodemus agrarius	47	42	0.2	4	1	0.833333333333333	0.166666666666667	504.40745	LC
Apodemus argenteus	21	21	0.0303030303030303	18	1	0.970588235294118	0.0294117647058824	572.56	LC
Apodemus chevrieri	34	144	0.122448979591837	44	5	0.890909090909091	0.109090909090909	554.1929125	LC
Apodemus draco	51	132	0.109126984126984	25	2	0.901612903225806	0.0983870967741935	554.1929125	LC
Apodemus flavicollis	35.5	71	0.2	9	2	0.833333333333333	0.166666666666667	513.1567	LC
Apodemus latronum	36.8571428571429	109	0.115384615384615	22	2	0.896551724137931	0.103448275862069	554.1929125	LC
Apodemus peninsulae	81	155	0.2	7	2	0.833333333333333	0.166666666666667	554.1929125	LC
Apodemus speciosus	21	42	0.142857142857143	11	1	0.875	0.125	554.1929125	LC
Apodemus sylvaticus	21	21	0.0769230769230769	6	1	0.928571428571429	0.0714285714285714	626.6475	LC
Arctocephalus forsteri	52.6666666666667	83	0.166666666666667	12	2	0.857142857142857	0.142857142857143	3285	LC
Artibeus fimbriatus	21	15	0.0344827586206897	17	1	0.966666666666667	0.0333333333333333	1920.4777	LC
Artibeus jamaicensis	33.5	65	0.04	32	1	0.961538461538462	0.0384615384615385	1920.4777	LC
Artibeus lituratus	46	0	0	18	0	1	0	1920.4777	LC
Artibeus obscurus	39.5	67	0.0512820512820513	26	1	0.951219512195122	0.0487804878048781	1920.4777	LC
Artibeus planirostris	51	81	0.0555555555555556	20	1	0.947368421052632	0.0526315789473684	1920.4777	LC
Ateles belzebuth	50.5	116	0.26969696969697	8.5	3	0.787593984962406	0.212406015037594	5475	EN
Avahi laniger	59.3333333333333	178	0.324324324324324	9.5	3	0.752551020408163	0.247448979591837	3649.771875	VU
Balaena mysticetus	22	22	0.333333333333333	3	1	0.75	0.25	18980	LC
Balaenoptera physalus	56.6	21	0.117647058823529	4	1	0.878676470588235	0.121323529411765	9490	VU
Bandicota indica	34	22	0.00735294117647059	28	1	0.992700729927007	0.0072992700729927	639.631831820818	LC
Bison bison	67	81	0.5	2	1	0.6	0.4	4288.14166657	NT
Bison bonasus	58.6	42	0.0666666666666667	14	1	0.936491935483871	0.063508064516129	3595.3298	VU
Blarina brevicauda	39.5	84	0.142857142857143	16	2	0.875	0.125	307.41875	LC
Blarinella griselda	21.75	21	0.0172413793103448	54	1	0.983050847457627	0.0169491525423729	426.91011944525	LC
Brachyphylla cavernarum	42.5	64	1	1	1	0.5	0.5	2064.27635	LC
Cacajao calvus	68	74	0.179487179487179	24	1	0.838709677419355	0.161290322580645	3650	VU
Callosciurus erythraeus	46.7424242424242	400	0.126984126984127	82	9	0.887323943661972	0.112676056338028	1585.1964	LC
Calomys callosus	41.3666666666666	112	0.240384615384615	4	2	0.80625	0.19375	589.388299099621	LC
Calomys expulsus	21	22	0.125	14	1	0.888888888888889	0.111111111111111	589.388299099621	LC
Canis aureus	33.3333333333333	64	0.133333333333333	16	2	0.882352941176471	0.117647058823529	2136.101433343	LC
Canis latrans	53	0	0	3	0	1	0	2569.032222103	LC
Canis lupus	21	0	0	4	0	1	0	2883.256666657	LC
Capra aegagrus	58	137	0.0983870967741935	30	2	0.909090909090909	0.0909090909090909	2097.005	VU
Capra sibirica	50	29	0.00649350649350649	49.5	0.5	0.993589743589744	0.00641025641025641	2875.226666657	LC
Capreolus capreolus	50	99	0.109126984126984	14	2	0.9	0.1	2335.391666657	LC
Capreolus pygargus	81	81	0.105555555555556	9	1	0.9	0.1	3063.8029	LC
Carollia castanea	44.2916666666667	168	0.0833333333333333	69	4	0.923076923076923	0.0769230769230769	1847.5352	LC
Carollia perspicillata	33.3333333333333	100	0.2	18	3	0.833333333333333	0.166666666666667	1847.5352	LC
Carollia sowelli	42.3333333333333	173	0.233333333333333	23	5	0.8	0.2	1847.5352	LC
Cavia aperea	45.6666666666667	151	0.142857142857143	29	4	0.875	0.125	763.4281	LC
Cervus elaphus	35.7083333333333	111	0.2	16	3	0.833333333333333	0.166666666666667	5209.4516	LC
Chaetodipus intermedius	38.5	100	0.230769230769231	10	3	0.8125	0.1875	987.63075	LC
Cheirogaleus crossleyi	62.0833333333333	194	0.1	23.5	2	0.909090909090909	0.0909090909090909	2236.94965	DD
Cheirogaleus major	59.2857142857143	60	0.141428571428571	18	2	0.87609649122807	0.12390350877193	1888.9911	DD
Cheirogaleus medius	62.5384615384615	157.5	0.142857142857143	25	3	0.875	0.125	2584.9082	LC
Chimarrogale himalayica	33.5555555555556	260	0.075	118	7	0.930232558139535	0.0697674418604651	379.29295625	LC
Chionomys roberti	33.5	64	0.166666666666667	10	2	0.857142857142857	0.142857142857143	589.388299099621	LC
Chlorocebus aethiops	42.2857142857143	242	0.230769230769231	20	6	0.805555555555556	0.194444444444444	4533.4825	LC
Chlorocebus pygerythrus	58.2803921568627	711	0.34375	36	13	0.744186046511628	0.255813953488372	4533.4825	LC
Chlorocebus sabaeus	40.4	56	0.2	11	2	0.833333333333333	0.166666666666667	4533.4825	LC
Chlorocebus tantalus	59.3333333333333	236	0.256578947368421	20.5	5	0.795833333333333	0.204166666666667	4533.4825	LC
Colobus angolensis	46	104	0.333333333333333	9	3	0.75	0.25	3864.89375	LC
Colobus guereza	45.9	160	0.6	4	3	0.6	0.4	4509.575	LC
Cricetus cricetus	46.9166666666667	42	0.0714285714285714	9	1	0.933333333333333	0.0666666666666667	467.0175	LC
Crocidura beatus	48.7272727272727	146	0.125	33	3	0.888888888888889	0.111111111111111	427.67965	LC
Crocidura dsinezumi	58	124	0.0810810810810811	11	2	0.925	0.075	427.67965	LC
Crocidura grayi	55.6666666666667	123	0.136363636363636	24	3	0.88	0.12	427.67965	LC
Crocidura monticola	52.8717948717949	349	0.206896551724138	32	5	0.828571428571429	0.171428571428571	409.171225	LC
Crocidura olivieri	21	21	0.0434782608695652	23	1	0.958333333333333	0.0416666666666667	427.67965	LC
Crocidura palawanensis	69.5	81	0.0488095238095238	3	1	0.952380952380952	0.0476190476190476	409.171225	LC
Crocidura paradoxura	21	21	0.0196078431372549	51	1	0.980769230769231	0.0192307692307692	409.171225	LC
Crocidura russula	33.5	21	0.0344827586206897	4	1	0.96638418079096	0.0336158192090395	448.652	LC
Crocidura shantungensis	56.125	116	0.157894736842105	13	2	0.863636363636364	0.136363636363636	409.171225	LC
Crocidura sibirica	23	0	0	8	0	1	0	427.67965	LC
Crocidura tanakae	64	145	0.25	7	2	0.8	0.2	427.67965	LC
Cryptomys hottentotus	49.5	495	0.20253164556962	78	10	0.831578947368421	0.168421052631579	1606.95955	LC
Ctenomys pearsoni	62.9523809523809	160	0.363636363636364	12	3	0.733333333333333	0.266666666666667	600.93415	NT
Ctenomys rionegrensis	66.3333333333333	125	0.2	4	1	0.833333333333333	0.166666666666667	600.93415	EN
Ctenomys torquatus	57.3333333333333	147	1	3	3	0.5	0.5	600.93415	LC
Cynomys ludovicianus	61.3333333333333	167	0.5	5	3	0.654761904761905	0.345238095238095	1567.7682	LC
Cynomys mexicanus	58	50.5	0.5	2	1	0.666666666666667	0.333333333333333	1567.7682	EN
Cynopterus brachyotis	23	36	0.215384615384615	6	1	0.8125	0.1875	1287.664	LC
Cynopterus sphinx	29.6666666666667	89	0.12	23	3	0.892857142857143	0.107142857142857	1285.2527	LC
Dasypus novemcinctus	40	56	0.2	5	1	0.833333333333333	0.166666666666667	1825	LC
Delphinus delphis	21	0	0	7	0	1	0	3545.59095	LC
Deltamys kempi	21	57	0.235294117647059	15	3	0.80952380952381	0.19047619047619	589.388299099621	LC
Desmodus rotundus	50.6538461538462	807	0.52	48	17	0.657894736842105	0.342105263157895	2779.7975	LC
Dryomys nitedula	41	246	0.0659340659340659	88	6	0.938144329896907	0.0618556701030928	879.124225	LC
Eidolon dupreanum	58	58	0.181818181818182	8	1	0.846153846153846	0.153846153846154	2190	VU
Eidolon helvum	58	0	0	6	0	1	0	1825	NT
Elephas maximus	36.4	44	0.25	9	2	0.8	0.2	8030	EN
Eothenomys chinensis	37.5	219	0.0652173913043478	89	6	0.938775510204082	0.0612244897959184	589.388299099621	LC
Eothenomys custos	21	61	0.0625	127	2	0.941176470588235	0.0588235294117647	589.388299099621	LC
Eothenomys melanogaster	39.5	100	0.0909090909090909	34	3	0.914285714285714	0.0857142857142857	589.388299099621	LC
Eothenomys miletus	21.3	63	0.0882352941176471	30	3	0.918918918918919	0.0810810810810811	589.388299099621	LC
Eozapus setchuanus	34.25	143	0.0816326530612245	98	5	0.924528301886792	0.0754716981132075	726.1971375	LC
Epomophorus gambianus	21	0	0	8	0	1	0	2349.856740625	LC
Epomops buettikoferi	58	58	0.25	4	1	0.8	0.2	2349.856740625	LC
Epomops franqueti	81	128	0.125	8	1	0.888888888888889	0.111111111111111	2349.856740625	LC
Eschrichtius robustus	48.25	46	0.5	2	1	0.666666666666667	0.333333333333333	10444.3345	LC
Euchoreutes naso	51	0	0	9	0	1	0	726.1971375	LC
Eulemur rubriventer	56.5	110	0.222527472527473	12	2	0.8125	0.1875	2920	VU
Eulemur rufus	40.25	114	0.21395881006865	11	3	0.821428571428571	0.178571428571429	3206.29594444444	VU
Eumetopias jubatus	64.3333333333333	99	0.5	2	1	0.633333333333333	0.366666666666667	3650	NT
Felis silvestris	47.6666666666667	46	0.150375939849624	14	1	0.863636363636364	0.136363636363636	2905.4	LC
Galea musteloides	53.4	111.5	0.126760563380282	34.5	3.5	0.8875	0.1125	389.8012	DD
Galemys pyrenaicus	39.4166666666667	45	0.222222222222222	7	2	0.818181818181818	0.181818181818182	730	VU
Gazella dorcas	59.6666666666667	85	0.166666666666667	10	2	0.857142857142857	0.142857142857143	2190	VU
Gazella gazella	55	46	0.037037037037037	5	1	0.964285714285714	0.0357142857142857	2190	EN
Gazella subgutturosa	68.3333333333333	136	0.5	3	2	0.666666666666667	0.333333333333333	2496.146666657	VU
Genetta genetta	50.5	80.5	0.048783712321523	39	2	0.953485576923077	0.0465144230769231	4194.899833343	LC
Genetta maculata	38.6666666666667	21	0.129166666666667	8	1	0.882352941176471	0.117647058823529	2764.52	LC
Gerbilliscus leucogaster	47.1111111111111	337	0.168079096045198	42	7	0.855072463768116	0.144927536231884	682.2908	LC
Gerbillus gerbillus	69.75	0	0	13	0	1	0	951.2818	LC
Gerbillus henleyi	39.4	143	0.189189189189189	48	4	0.840909090909091	0.159090909090909	951.2818	LC
Gerbillus nancillus	21	21	0.0714285714285714	13	1	0.933333333333333	0.0666666666666667	951.2818	DD
Gerbillus nanus	45.5	203	0.0833333333333333	57	4	0.923076923076923	0.0769230769230769	951.2818	LC
Gerbillus pyramidum	58	58	0.1	3	1	0.909090909090909	0.0909090909090909	951.2818	LC
Gerbillus tarabuli	21	21	0.0909090909090909	11	1	0.916666666666667	0.0833333333333333	951.2818	LC
Giraffa camelopardalis	56.1	195	0.163978494623656	30	4	0.859126984126984	0.140873015873016	5251.01166657	VU
Glaucomys sabrinus	39.75	21	0.0547945205479452	3	1	0.901234567901235	0.0987654320987654	1729.4573	LC
Glirulus japonicus	40.8	107	0.0384615384615385	72	3	0.962962962962963	0.037037037037037	883.5172	LC
Gorilla gorilla	60	0	0	2	0	1	0	8030	CR
Gracilinanus agilis	56.9	376	0.181818181818182	35	6	0.846153846153846	0.153846153846154	642.840025	LC
Graomys griseoflavus	21.5	42	0.142857142857143	12	2	0.875	0.125	589.388299099621	LC
Gulo gulo	22	43	0.464285714285714	1	1	0.666666666666667	0.333333333333333	2622.30185	LC
Handleyomys alfaroi	39.5	100	0.0741758241758242	30	2	0.928571428571429	0.0714285714285714	589.388299099621	LC
Handleyomys chapmani	21	21	0.1	10	1	0.909090909090909	0.0909090909090909	589.388299099621	VU
Handleyomys rostratus	21.6666666666667	44	0.0428571428571429	28	2	0.958904109589041	0.0410958904109589	589.388299099621	LC
Hapalemur griseus	51.4285714285714	184.5	0.333333333333333	7	3	0.75	0.25	3285	VU
Hemiechinus auritus	35.25	21	0.0303308823529412	31.5	1	0.970562770562771	0.0294372294372294	940.3939	LC
Herpestes javanicus	51.5714285714286	542	0.187990580847724	47	10	0.841768631813126	0.158231368186874	1472.701	LC
Hipposideros armiger	43.125	101	0.272727272727273	10	3	0.785714285714286	0.214285714285714	1834.2256	LC
Hipposideros caffer	32.25	129	0.0425531914893617	94	4	0.959183673469388	0.0408163265306122	1834.2256	LC
Hipposideros pratti	39.5	0	0	22	0	1	0	1834.2256	LC
Hipposideros ruber	25	92	0.0606060606060606	61	4	0.942857142857143	0.0571428571428571	1834.2256	LC
Holochilus chacarius	21	15	0.1	6	1	0.909090909090909	0.0909090909090909	766.22453	LC
Hydropotes inermis	22	22	0.0833333333333333	11	1	0.923076923076923	0.0769230769230769	2190	VU
Hylaeamys megacephalus	73.5	64	0.0416666666666667	10	1	0.96	0.04	470.3622	LC
Hylobates agilis	57.375	253	0.298148148148148	15	2	0.769230769230769	0.230769230769231	5475	EN
Hylobates lar	62.3333333333333	102	0.272727272727273	4	2	0.75	0.25	5475	EN
Hypsignathus monstrosus	58	58	0.111111111111111	7	1	0.9	0.1	2349.856740625	LC
Indri indri	51	81	0.272727272727273	9	2	0.781746031746032	0.218253968253968	4015	CR
Inia geoffrensis	44	85	0.25	4	2	0.75	0.25	4840.09	EN
Jaculus jaculus	41.3333333333333	0	0	26.5	0	1	0	919.8561	LC
Lama guanicoe	49.5	122	0.25	8	2	0.8	0.2	4064.145	LC
Laonastes aenigmamus	53.5833333333333	593	0.25	45	11	0.8	0.2	1032.92357373767	LC
Lasiurus blossevillii	48.4615384615385	630	0.142857142857143	92	13	0.875	0.125	2051.66620769231	LC
Lasiurus borealis	21	42	0.105263157894737	9	1	0.904761904761905	0.0952380952380952	2051.66620769231	LC
Lemur catta	45.6666666666667	58	0.5	2	1	0.666666666666667	0.333333333333333	2920	EN
Leopardus tigrinus	76	76	0.464285714285714	3	1	0.666666666666667	0.333333333333333	2190	VU
Leopoldamys edwardsi	37.4722222222222	119	0.08	48	3	0.924919484702093	0.0750805152979066	639.631831820818	LC
Lepilemur ankaranensis	60.6	125	0.384615384615385	3	1	0.705882352941177	0.294117647058824	1637.7709666715	EN
Lepilemur dorsalis	68.4285714285714	335	0.319148936170213	8	3	0.753424657534247	0.246575342465753	1637.7709666715	VU
Lepilemur edwardsi	48.7875	609	0.4	29	14	0.714285714285714	0.285714285714286	1637.7709666715	EN
Lepilemur mustelinus	48.9166666666667	67	0.333333333333333	3	2	0.75	0.25	1750.9197	NT
Lepilemur ruficaudatus	39.35	164	0.375	8.5	5	0.727272727272727	0.272727272727273	1637.7709666715	VU
Leptonychotes weddellii	58	58	0.2	5	1	0.833333333333333	0.166666666666667	4015	LC
Lepus brachyurus	64	21	0.1	7	1	0.909090909090909	0.0909090909090909	1047.27668	LC
Lepus californicus	28	28	0.111111111111111	6	1	0.9	0.1	1226.50635	LC
Lepus capensis	47.4107142857143	214	0.0898876404494382	75	5	0.917525773195876	0.0824742268041237	1047.27668	LC
Lepus europaeus	56.6666666666667	58	0.0833333333333333	16	1	0.92	0.08	730	LC
Lepus mandshuricus	34.3666666666666	179	0.111128048780488	80	7	0.898876404494382	0.101123595505618	1047.27668	LC
Lepus oiostolus	47.3333333333333	96	0.0889328063241107	26	2	0.916666666666667	0.0833333333333333	1047.27668	LC
Lepus sinensis	60.0416666666667	137	0.238095238095238	15	3	0.803571428571429	0.196428571428571	1047.27668	LC
Lepus timidus	44.25	115.5	0.125	11	2	0.887840670859539	0.112159329140461	1047.27668	LC
Lepus tolai	32	22	0.0714285714285714	7	1	0.933333333333333	0.0666666666666667	1047.27668	LC
Lepus yarkandensis	52.5	58	0.0952380952380952	10	1	0.911067193675889	0.0889328063241107	1047.27668	NT
Lontra longicaudis	59.5	79	1	1	1	0.5	0.5	3442.5583333285	NT
Lophostoma silvicolum	62.6666666666667	342	0.10077519379845	54	5	0.908450704225352	0.0915492957746479	2064.27635	LC
Loris tardigradus	61.8666666666666	194	0.5	3	2	0.666666666666667	0.333333333333333	2278.1475	EN
Loxodonta africana	66.0833333333333	489.5	0.260869565217391	28	8	0.793103448275862	0.206896551724138	9125	VU
Lutra lutra	81	64	0	9	1	0.923076923076923	0.0769230769230769	2772.962083343	NT
Lutrogale perspicillata	42	21	0.173913043478261	6	1	0.851851851851852	0.148148148148148	3650	VU
Lynx pardinus	83	0	0	3	0	1	0	1578.34	EN
Macaca fascicularis	55.3333333333333	250	0.3	15	5	0.769230769230769	0.230769230769231	5076.8362	LC
Macaca nemestrina	53.2526737967915	605	0.363636363636364	44	14	0.733333333333333	0.266666666666667	4015	VU
Marmosa robinsoni	50.8	508	0.104211405392508	126.5	10	0.905626223091976	0.0943737769080235	568.63755	LC
Marmosops noctivagus	39.75	92	0.038961038961039	67	2	0.9625	0.0375	642.840025	LC
Martes americana	61.4	251	0.230769230769231	23	4	0.806451612903226	0.193548387096774	2227.96	LC
Martes melampus	35.125	58	0.166666666666667	6	1	0.857142857142857	0.142857142857143	1772.805	LC
Martes zibellina	46	46	0.2	5	1	0.833333333333333	0.166666666666667	2087.381433343	LC
Megaloglossus woermanni	61.6666666666667	127	0.236111111111111	9	2	0.8	0.2	1553.79087272727	LC
Meles meles	49.3125	446	0.225352112676056	45	8	0.816091954022989	0.183908045977011	2161.2481	LC
Meriones libycus	57	170	0.552777777777778	9	3	0.642857142857143	0.357142857142857	649.48035	LC
Meriones meridianus	40.9513888888889	295	0.09	88	7	0.917431192660551	0.0825688073394495	608.148016666667	LC
Meriones tamariscinus	58	81	0.0555555555555556	27	1	0.947368421052632	0.0526315789473684	608.148016666667	LC
Mesoplodon densirostris	50.6	21	0.0215078630897317	11	1	0.972972972972973	0.027027027027027	6460.5	DD
Mesoplodon europaeus	51.5	81	0.2	4	1	0.816666666666667	0.183333333333333	6460.5	DD
Microcebus griseorufus	45	58	0.25	5	1	0.8	0.2	2053.5145	LC
Microcebus lehilahytsara	51.5	21	0.0588235294117647	13	1	0.944444444444444	0.0555555555555556	2053.5145	VU
Microcebus mittermeieri	106.5	155	0.11437908496732	13	1	0.894736842105263	0.105263157894737	2053.5145	EN
Microcebus murinus	54.8	113	0.131578947368421	10	2	0.88047619047619	0.11952380952381	2053.5145	LC
Microcebus myoxinus	60.75	81	0.25	6	1	0.8	0.2	2053.5145	VU
Microcebus rufus	57	152	0.117647058823529	19	2	0.894736842105263	0.105263157894737	2053.5145	VU
Microcebus simmonsi	22	0	0	3	0	1	0	2053.5145	EN
Micromys minutus	22.5	64	0.230769230769231	11	2	0.8	0.2	502.66	LC
Micronycteris megalotis	50.375	174	0.087719298245614	47	4	0.919354838709677	0.0806451612903226	2064.27635	LC
Micropteropus pusillus	46.8333333333333	104	0.0545454545454545	15	1	0.948275862068966	0.0517241379310345	1553.79087272727	LC
Microtus agrestis	33.1388888888889	157	0.140625	37	5	0.876712328767123	0.123287671232877	465.9675	LC
Microtus arvalis	63.75	58	0.0333333333333333	26	1	0.967741935483871	0.032258064516129	447.605	LC
Microtus limnophilus	44.25	177	0.285714285714286	13	4	0.777777777777778	0.222222222222222	373.623802083937	LC
Microtus longicaudus	21	36	0.0784615384615385	19	1	0.925925925925926	0.0740740740740741	373.623802083937	LC
Microtus lusitanicus	21	63	0.111111111111111	35	3	0.9	0.1	373.623802083937	LC
Microtus miurus	21	21	0.0909090909090909	10	1	0.916666666666667	0.0833333333333333	373.623802083937	LC
Microtus subterraneus	49.3333333333333	100	0.05	41	2	0.952380952380952	0.0476190476190476	373.623802083937	LC
Miniopterus schreibersii	53.3	291	0.216718713856118	24	7	0.819028797289667	0.180971202710333	1995.6986	NT
Mogera imaizumii	27.75	21	0.0303030303030303	32	1	0.970588235294118	0.0294117647058824	759.185721428571	LC
Mogera robusta	51	21	0.142857142857143	3	1	0.857142857142857	0.142857142857143	759.185721428571	LC
Mogera wogura	45.6666666666667	193	0.102040816326531	48	4	0.907407407407407	0.0925925925925926	759.185721428571	LC
Monodelphis americana	32.3333333333333	149.5	0.0740740740740741	56.5	4	0.931034482758621	0.0689655172413793	717.0425	LC
Monodelphis domestica	49	187	0.113636363636364	40	4	0.897959183673469	0.102040816326531	717.0425	LC
Monodelphis glirina	48.6477272727273	302	0.120879120879121	57	7	0.892156862745098	0.107843137254902	717.0425	LC
Mungotictis decemlineata	34	43	0.181818181818182	6	1	0.84412955465587	0.15587044534413	2146.94685	EN
Mus caroli	43	79	0.0606060606060606	25	2	0.942857142857143	0.0571428571428571	628.295	LC
Mus minutoides	30.9666666666667	180	0.11864406779661	51	6	0.893939393939394	0.106060606060606	435.665	LC
Mus musculus	51	79	0.136363636363636	13	2	0.875	0.125	628.295	LC
Mustela erminea	58	58	0.166666666666667	4	1	0.857142857142857	0.142857142857143	1078.777858343	LC
Mustela frenata	39.5	99	0.230769230769231	11	2	0.8125	0.1875	986.110483343	LC
Mustela nivalis	33.5	64	0.111111111111111	9	2	0.897368421052632	0.102631578947368	1194.19395	LC
Mustela sibirica	48.8	92.5	0.214285714285714	8	2	0.811764705882353	0.188235294117647	1484.792222219	LC
Myodes glareolus	51	80	0.11451048951049	10	1	0.894736842105263	0.105263157894737	577.7512	LC
Myodes rufocanus	22	0	0	11	0	1	0	433.359922223833	LC
Myodes rutilus	142	81	0.0303030303030303	26	1	0.970588235294118	0.0294117647058824	433.359922223833	LC
Myonycteris torquata	21	0	0	8	0	1	0	1553.79087272727	LC
Myotis albescens	34.5454545454545	184	0.142857142857143	24	5	0.868534482758621	0.131465517241379	2106.62850416667	LC
Myotis aurascens	49.2833333333333	365	0.126666666666667	51	8	0.887573964497041	0.112426035502959	2106.62850416667	LC
Myotis brandtii	77.5	96	0.5	3	1	0.666666666666667	0.333333333333333	2106.62850416667	LC
Myotis davidii	51	67	0.133333333333333	12	2	0.882352941176471	0.117647058823529	2106.62850416667	LC
Myotis ikonnikovi	44.7142857142857	58	0.04	22	1	0.961538461538462	0.0384615384615385	2106.62850416667	LC
Myotis lucifugus	21	42	0.0833333333333333	16.5	1	0.923076923076923	0.0769230769230769	4117.2	EN
Myotis macrodactylus	22	21	0.0416666666666667	6	1	0.923076923076923	0.0769230769230769	2106.62850416667	LC
Myotis myotis	24	36	0.1	25	1	0.909090909090909	0.0909090909090909	2847	LC
Myotis mystacinus	41.5	21	0.122699386503067	5	1	0.890410136311776	0.109589863688224	2864.16	LC
Myotis nattereri	55.0952380952381	829	0.209876543209877	75	13	0.824742268041237	0.175257731958763	2106.62850416667	LC
Myotis velifer	34.5	67	0.107142857142857	16	2	0.903225806451613	0.0967741935483871	1579.5955	LC
Mystacina tuberculata	66.8333333333333	153	0.25	12	3	0.8	0.2	1888.06537051282	VU
Nanonycteris veldkampii	21	21	0.25	3	1	0.8	0.2	1553.79087272727	LC
Napaeozapus insignis	48.625	259	0.0769230769230769	115	6	0.928571428571429	0.0714285714285714	755.61195	LC
Neodon irene	29.3333333333333	67	0.163636363636364	13	2	0.859375	0.140625	589.388299099621	LC
Neomys fodiens	39	22	0.032258064516129	28	1	0.96875	0.03125	576.8888	LC
Neophocaena phocaenoides	40	79	0.3	8	2	0.769230769230769	0.230769230769231	6095.5	VU
Neophocaena phocaenoides	40	79	0.3	8	2	0.769230769230769	0.230769230769231	5840	VU
Neotoma albigula	32.25	67	0.333333333333333	8	2	0.75	0.25	1019.7194	LC
Niviventer andersoni	49.5454545454545	183	0.154929577464789	23	4	0.857142857142857	0.142857142857143	639.631831820818	LC
Niviventer confucianus	35.9	100	0.0555555555555556	52	3	0.947368421052632	0.0526315789473684	624.399640909091	LC
Niviventer excelsior	40.5625	247	0.13597842835131	59	7	0.88	0.12	639.631831820818	LC
Niviventer fulvescens	33.125	229	0.0869565217391304	84	8	0.92	0.08	624.399640909091	LC
Noctilio albiventris	21	21	0.0333333333333333	59	1	0.967741935483871	0.032258064516129	1888.06537051282	LC
Noctilio leporinus	103.333333333333	0	0	12	0	1	0	1888.06537051282	LC
Nomascus gabriellae	54.5	116	0.381818181818182	6	2	0.714285714285714	0.285714285714286	5475	EN
Nomascus leucogenys	58	79	0.333333333333333	3	2	0.75	0.25	5475	CR
Nomascus siki	40.8	204	0.181878306878307	28	4	0.84375	0.15625	5475	EN
Nyctalus noctula	58	58	0.125	7	1	0.888888888888889	0.111111111111111	1529.35	LC
Nyctereutes procyonoides	52	268	0.333333333333333	19	4	0.75	0.25	2091.936666657	LC
Nycticebus bengalensis	63.5	255	0.4	9	4	0.714285714285714	0.285714285714286	2555	VU
Nycticebus pygmaeus	59.6666666666667	143	0.4	4	2	0.714285714285714	0.285714285714286	2920	VU
Ochotona collaris	33.3333333333333	100	0.6	6	3	0.625	0.375	894.25	LC
Ochotona curzoniae	52.1666666666667	160	0.217391304347826	18	3	0.819805194805195	0.180194805194805	751.47417	LC
Ochotona hyperborea	22	44	0.0909090909090909	18	2	0.916666666666667	0.0833333333333333	751.47417	LC
Ochotona princeps	44.3333333333333	100	0.0625	40	2	0.941176470588235	0.0588235294117647	1045.7507	LC
Ochotona rufescens	35.6269841269841	94	0.142857142857143	4	3	0.875	0.125	751.47417	LC
Ochotona thibetana	35.875	275	0.166666666666667	46	7	0.857142857142857	0.142857142857143	854.6685	LC
Odocoileus virginianus	50.0396825396825	58	0.0666666666666667	17	1	0.936170212765957	0.0638297872340425	2713.883333343	LC
Orcinus orca	42.5	0	0	3	0.5	0.98936170212766	0.0106382978723404	9380.5	DD
Ornithorhynchus anatinus	41.3333333333333	160	0.315789473684211	8	3	0.76	0.24	2878.755	NT
Otonycteris hemprichii	61.8181818181818	511	0.212864493996569	30	7	0.82089552238806	0.17910447761194	2051.66620769231	LC
Ovis ammon	52.375	104	0.125	12	2	0.888888888888889	0.111111111111111	2920	NT
Ovis canadensis	62.5	98	0.333333333333333	5	2	0.714285714285714	0.285714285714286	2634.501666657	LC
Ovis orientalis	52	46	0.111111111111111	7	1	0.9	0.1	2920	VU
Paguma larvata	83.5	0	0	4	0	1	0	3014.413333343	LC
Pan paniscus	51.2857142857143	58	0.25	5	1	0.8	0.2	9125	EN
Pan troglodytes	56	81	0.2	8	2	0.833333333333333	0.166666666666667	7300	EN
Panthera leo	51.875	162	0.5	6	4	0.666666666666667	0.333333333333333	2190	VU
Panthera pardus	51	124	0.136363636363636	21	3	0.88	0.12	3400.645433343	VU
Panthera tigris	55.25	24	0.25	4	1	0.8	0.2	2920	EN
Papio anubis	54.5	433	0.529411764705882	15	9	0.653846153846154	0.346153846153846	3833.595	LC
Papio cynocephalus	54.6527777777778	999	0.512820512820513	39	18	0.661016949152542	0.338983050847458	6188.575	LC
Papio hamadryas	77.5	81	0.267857142857143	6	1	0.777777777777778	0.222222222222222	5332.504	LC
Papio ursinus	45.0476190476191	759	0.452380952380952	40	16	0.688524590163934	0.311475409836066	5714.3305	LC
Paradoxurus hermaphroditus	52.05	91.5	0.112698412698413	50	2	0.898717948717949	0.101282051282051	2807.00376124	LC
Pecari tajacu	40.8333333333333	306	0.185185185185185	43	7	0.84375	0.15625	3102.921666657	LC
Peromyscus furvus	71	77	0.2	8	1	0.833333333333333	0.166666666666667	635.280494446056	DD
Peromyscus guatemalensis	40.3	283	0.133333333333333	49	7	0.882352941176471	0.117647058823529	635.280494446056	LC
Peromyscus keeni	64	64	0.183333333333333	7	1	0.845238095238095	0.154761904761905	635.280494446056	LC
Peromyscus maniculatus	52.0476190476191	111	0.170212765957447	12	3	0.854545454545454	0.145454545454545	940.1262	LC
Peromyscus melanophrys	69.25	21	0.0465367965367965	12	1	0.955533596837945	0.0444664031620553	635.280494446056	LC
Peromyscus mexicanus	35.7777777777778	285	0.113924050632911	70	8	0.897727272727273	0.102272727272727	635.280494446056	LC
Peromyscus pectoralis	50.4	83	0.0615384615384615	43	3	0.942028985507246	0.0579710144927536	635.280494446056	LC
Peromyscus perfulvus	56.5555555555556	395	0.32	25	7	0.75	0.25	635.280494446056	LC
Peromyscus polionotus	21	21	0.25	4	1	0.8	0.2	634.2918	LC
Peromyscus truei	39.85	166	0.113636363636364	44	5	0.897959183673469	0.102040816326531	639.38525	LC
Petaurista leucogenys	61.6666666666667	99	0.125	14	2	0.888888888888889	0.111111111111111	2015.75510185078	LC
Phoca largha	24.5	42	0.5	3	2	0.666666666666667	0.333333333333333	6935	LC
Phoca vitulina	51.6666666666667	125	0.696969696969697	3	3	0.555555555555556	0.444444444444444	5413.68	LC
Phodopus campbelli	21.5	43	0.142857142857143	19	2	0.875	0.125	249.2027166715	LC
Phodopus roborovskii	45.325	120	0.5	4	3	0.666666666666667	0.333333333333333	550.909	LC
Phodopus sungorus	21	42	0.190909090909091	9	1	0.833333333333333	0.166666666666667	474.4575	LC
Phyllotis xanthopygus	34.85	210	0.101010101010101	92	7	0.908256880733945	0.0917431192660551	589.388299099621	LC
Pipistrellus abramus	38	170	0.166666666666667	32	5	0.857142857142857	0.142857142857143	1885.946275	LC
Pipistrellus hesperidus	42.45	166	0.0722903225806452	25	3	0.932330827067669	0.0676691729323308	1885.946275	LC
Plagiodontia aedium	47.3333333333333	390	0.259259259259259	27	8	0.794117647058823	0.205882352941176	3650	EN
Plecotus auritus	58.875	369	0.196153846153846	47	7.5	0.836021505376344	0.163978494623656	3693.8	LC
Plecotus macrobullaris	50.7142857142857	145	0.2	13	3	0.825	0.175	2759.4	LC
Pongo abelii	61	74	0.142857142857143	7	1	0.875	0.125	9125	CR
Potorous tridactylus	67	351	0.136651234567901	28.5	5	0.879777830864787	0.120222169135213	1685.9516	NT
Presbytis melalophos	55.0079365079365	872	0.34	45	17	0.746268656716418	0.253731343283582	3650	EN
Prionailurus bengalensis	40.4	46	0.0689655172413793	14	1	0.933333333333333	0.0666666666666667	2350.842866657	LC
Prionailurus viverrinus	58.5166666666667	506	0.3875	9	7	0.714285714285714	0.285714285714286	2190	VU
Procyon lotor	51	94	0.181818181818182	12	2	0.84412955465587	0.15587044534413	2703.9188	LC
Proechimys cuvieri	53.5	233	0.206896551724138	16	4	0.828571428571429	0.171428571428571	631.7859833285	LC
Propithecus diadema	67.6	183	0.0857142857142857	34	3	0.921052631578947	0.0789473684210526	3650	CR
Propithecus verreauxi	55.2857142857143	22	0.0821917808219178	11	1	0.923563777994158	0.0764362220058423	3650	EN
Pseudois nayaur	57.4285714285714	402	0.3	23	6	0.769230769230769	0.230769230769231	2949.321666657	LC
Pteromys volans	53.75	81	0.111111111111111	11	1	0.9	0.1	1384.1212625	LC
Pteronotus davyi	33	229	0.138888888888889	69	7	0.878048780487805	0.121951219512195	2070.531028	LC
Pteronotus gymnonotus	32	36	0.3	5	2	0.75	0.25	1888.06537051282	LC
Pteronotus parnellii	49.3055555555556	232	0.120879120879121	71	5	0.892156862745098	0.107843137254902	1888.06537051282	LC
Pteronotus personatus	59.75	239	0.181818181818182	8	4	0.846153846153846	0.153846153846154	2070.531028	LC
Pteronotus quadridens	70.75	58	0.0952380952380952	18	1	0.91304347826087	0.0869565217391304	2070.531028	LC
Pteropus seychellensis	81	40.5	0.166666666666667	2	0.5	0.875	0.125	2945.91840714286	LC
Rangifer tarandus	29.25	21	0.125	7	1	0.888888888888889	0.111111111111111	1825	VU
Rattus exulans	22	43	0.25	5	2	0.8	0.2	534.7590666715	LC
Rattus rattus	52.3333333333333	138	0.242857142857143	6	3	0.75	0.25	546.1994	LC
Rattus tanezumi	21.5	63	0.21875	12	2	0.82051282051282	0.179487179487179	534.7590666715	LC
Reithrodontomys fulvescens	52.5555555555556	220	0.0978260869565217	34	4	0.910891089108911	0.0891089108910891	202.795	LC
Reithrodontomys mexicanus	31.5714285714286	267	0.10655737704918	116	7	0.903703703703704	0.0962962962962963	202.795	LC
Reithrodontomys sumichrasti	21	21	0.0740740740740741	22	1	0.931034482758621	0.0689655172413793	202.795	LC
Rhinolophus affinis	51.4166666666667	218	0.206896551724138	26	5	0.818181818181818	0.181818181818182	2726.53565	LC
Rhinolophus arcuatus	58	58	0.0697674418604651	9	1	0.934782608695652	0.0652173913043478	2937.38135	LC
Rhinolophus clivosus	22	43	0.04	49	2	0.961538461538462	0.0384615384615385	2726.53565	LC
Rhinolophus macrotis	26.2	67	0.114285714285714	30	3	0.897435897435897	0.102564102564103	2937.38135	LC
Rhinolophus pearsonii	43.8	268	0.111111111111111	48	6	0.9	0.1	2726.53565	LC
Rhinolophus pusillus	21	63	0.222222222222222	8	2	0.818181818181818	0.181818181818182	2937.38135	LC
Rhinolophus rouxii	54.5	233	0.0789473684210526	4	3	0.925925925925926	0.0740740740740741	1051.1426	LC
Rousettus aegyptiacus	32.6666666666667	98	0.166666666666667	15	3	0.857142857142857	0.142857142857143	1825	LC
Rousettus leschenaultii	21	21	0.125	7	1	0.888888888888889	0.111111111111111	1679.8551	LC
Rousettus madagascariensis	21	21	0.166666666666667	6	1	0.857142857142857	0.142857142857143	1825	VU
Saimiri boliviensis	58	139	0.363636363636364	7	2	0.733333333333333	0.266666666666667	3354.65875	LC
Saimiri sciureus	61.5555555555556	93.5	0.129032258064516	13.5	2	0.881881533101045	0.118118466898955	3789.3175	LC
Sciurus lis	91.5	0	0	4	0	1	0	2122.20083333333	LC
Sciurus vulgaris	58	0	0	4	0	1	0	1612.7525	LC
Semnopithecus entellus	55.925	1169	0.333333333333333	59	21	0.75	0.25	3806.439	LC
Sorex araneus	58.6666666666667	0	0	6	0	1	0	524.7815	LC
Sorex asper	28	0	0	4	0	1	0	422.884597917875	LC
Sorex caecutiens	23.75	80	0.2	8	3	0.833333333333333	0.166666666666667	422.884597917875	LC
Sorex cinereus	21	42	0.0566037735849057	26	2	0.946428571428571	0.0535714285714286	331.5827166715	LC
Sorex cylindricauda	56	164	0.0563492063492063	35	2	0.945945945945946	0.0540540540540541	422.884597917875	LC
Sorex minutissimus	21	0	0	14	0	1	0	422.884597917875	LC
Sorex monticolus	22	22	0.166666666666667	6	1	0.857142857142857	0.142857142857143	422.884597917875	LC
Sorex palustris	72.5	0	0	4	0	1	0	273.1928	LC
Sorex tundrensis	47.5	0	0	13	0	1	0	422.884597917875	LC
Sorex ugyunak	31.75	0	0	3	0	1	0	422.884597917875	LC
Sorex unguiculatus	21	21	0.0476190476190476	17	1	0.954545454545455	0.0454545454545455	392.4667	LC
Stenella attenuata	22	0	0	8	0	1	0	8395	LC
Stenella coeruleoalba	57	0	0	7	0	1	0	7926.62525	LC
Stenella longirostris	34	0	0	5	0	1	0	8395	LC
Sturnira lilium	36.6666666666667	139	0.142857142857143	17	3	0.875	0.125	2064.27635	LC
Sturnira tildae	58	65	0.25	5	1	0.8	0.2	2064.27635	LC
Suncus murinus	54.7117647058824	285	0.333333333333333	10	8	0.725	0.275	363.52745	LC
Sus barbatus	44.8333333333333	102	0.455533596837945	4	3	0.686567164179104	0.313432835820896	2555	VU
Sus scrofa	58	119	0.454545454545455	4	2	0.681818181818182	0.318181818181818	2656.07	LC
Symphalangus syndactylus	60.75	98	0.190909090909091	8	1	0.833333333333333	0.166666666666667	4745	EN
Talpa europaea	44.9090909090909	21	0.0769230769230769	21	1	0.928571428571429	0.0714285714285714	1000.1	LC
Talpa romana	65.35	155	0.190909090909091	15	2	0.833333333333333	0.166666666666667	1000.1	LC
Tamiops maritimus	41.5	332	0.102803738317757	102	8	0.906779661016949	0.0932203389830508	1239.29886944283	LC
Tarsius dentatus	46.7916666666667	187	0.170731707317073	31	4	0.851063829787234	0.148936170212766	2190	VU
Tarsius lariang	65.6666666666667	135	0.5	2	2	0.625	0.375	2190	DD
Thylamys elegans	49.125	81	0.0535714285714286	52	2	0.949152542372881	0.0508474576271186	642.840025	LC
Thylamys pallidior	44.1031746031746	336	0.170212765957447	37	6	0.854545454545454	0.145454545454545	642.840025	LC
Thylamys pusillus	26.5	58	0.0821917808219178	68	3	0.924050632911392	0.0759493670886076	642.840025	LC
Thylamys venustus	50.3	246	0.148148148148148	36	6	0.870967741935484	0.129032258064516	642.840025	DD
Trachypithecus phayrei	44.0769230769231	380	0.142857142857143	62	9	0.875	0.125	4015	EN
Tupaia belangeri	58	36	0.166666666666667	3	1	0.75	0.25	1458.084583343	LC
Tursiops aduncus	51	99	0.0909090909090909	21	2	0.916666666666667	0.0833333333333333	6427.88	NT
Tursiops truncatus	54.25	58	0.153846153846154	5	1	0.857142857142857	0.142857142857143	6427.88	LC
Urocyon cinereoargenteus	51.125	42	0.105263157894737	4	1	0.9	0.1	1955.5492	LC
Urotrichus talpoides	29.6	148	0.0810810810810811	36	5	0.925	0.075	680.5528	LC
Ursus americanus	49.6666666666667	366	0.3	28	8	0.767441860465116	0.232558139534884	4734.07686657	LC
Ursus arctos	51	56	0.181818181818182	9	1	0.846153846153846	0.153846153846154	5976.26666657	LC
Ursus maritimus	81	81	0.267857142857143	2.5	1	0.788888888888889	0.211111111111111	5475	VU
Ursus thibetanus	45.3571428571428	102	0.162790697674419	11	2	0.86	0.14	3650	VU
Varecia variegata	75.5384615384615	549	0.407407407407407	23	7	0.710526315789474	0.289473684210526	3285	CR
Vulpes vulpes	51	102	0.162280701754386	16	2	0.857142857142857	0.142857142857143	2105.3972	LC
Zapus hudsonius	37.4444444444444	109	0.136363636363636	41	3	0.88	0.12	604.1943	LC
Zapus princeps	42.4117647058824	679	0.173913043478261	111	17	0.851851851851852	0.148148148148148	604.1943	LC
Zapus trinotatus	59.1	274	0.0819672131147541	51	3	0.924242424242424	0.0757575757575758	604.1943	LC
Ziphius cavirostris	46	64	0.0952380952380952	9	1	0.909090909090909	0.0909090909090909	6460.5	LC
